[{"code":"01","hospitalisations":124},{"code":"02","hospitalisations":260},{"code":"03","hospitalisations":53},{"code":"04","hospitalisations":30},{"code":"05","hospitalisations":61},{"code":"06","hospitalisations":258},{"code":"07","hospitalisations":107},{"code":"08","hospitalisations":75},{"code":"09","hospitalisations":20},{"code":"10","hospitalisations":153},{"code":"11","hospitalisations":73},{"code":"12","hospitalisations":52},{"code":"13","hospitalisations":1107},{"code":"14","hospitalisations":156},{"code":"15","hospitalisations":26},{"code":"16","hospitalisations":11},{"code":"17","hospitalisations":91},{"code":"18","hospitalisations":51},{"code":"19","hospitalisations":43},{"code":"21","hospitalisations":310},{"code":"22","hospitalisations":66},{"code":"23","hospitalisations":28},{"code":"24","hospitalisations":23},{"code":"25","hospitalisations":199},{"code":"26","hospitalisations":247},{"code":"27","hospitalisations":50},{"code":"28","hospitalisations":177},{"code":"29","hospitalisations":102},{"code":"2A","hospitalisations":81},{"code":"2B","hospitalisations":9},{"code":"30","hospitalisations":104},{"code":"31","hospitalisations":229},{"code":"32","hospitalisations":29},{"code":"33","hospitalisations":290},{"code":"34","hospitalisations":240},{"code":"35","hospitalisations":162},{"code":"36","hospitalisations":63},{"code":"37","hospitalisations":192},{"code":"38","hospitalisations":228},{"code":"39","hospitalisations":100},{"code":"40","hospitalisations":29},{"code":"41","hospitalisations":91},{"code":"42","hospitalisations":475},{"code":"43","hospitalisations":22},{"code":"44","hospitalisations":263},{"code":"45","hospitalisations":263},{"code":"46","hospitalisations":17},{"code":"47","hospitalisations":29},{"code":"48","hospitalisations":6},{"code":"49","hospitalisations":182},{"code":"50","hospitalisations":65},{"code":"51","hospitalisations":374},{"code":"52","hospitalisations":107},{"code":"53","hospitalisations":74},{"code":"54","hospitalisations":480},{"code":"55","hospitalisations":164},{"code":"56","hospitalisations":154},{"code":"57","hospitalisations":1002},{"code":"58","hospitalisations":36},{"code":"59","hospitalisations":895},{"code":"60","hospitalisations":424},{"code":"61","hospitalisations":68},{"code":"62","hospitalisations":434},{"code":"63","hospitalisations":74},{"code":"64","hospitalisations":88},{"code":"65","hospitalisations":62},{"code":"66","hospitalisations":91},{"code":"67","hospitalisations":1077},{"code":"68","hospitalisations":1028},{"code":"69","hospitalisations":1150},{"code":"70","hospitalisations":87},{"code":"71","hospitalisations":191},{"code":"72","hospitalisations":116},{"code":"73","hospitalisations":122},{"code":"74","hospitalisations":280},{"code":"75","hospitalisations":3154},{"code":"76","hospitalisations":341},{"code":"77","hospitalisations":734},{"code":"78","hospitalisations":1040},{"code":"79","hospitalisations":33},{"code":"80","hospitalisations":353},{"code":"81","hospitalisations":57},{"code":"82","hospitalisations":20},{"code":"83","hospitalisations":258},{"code":"84","hospitalisations":82},{"code":"85","hospitalisations":65},{"code":"86","hospitalisations":60},{"code":"87","hospitalisations":72},{"code":"88","hospitalisations":248},{"code":"89","hospitalisations":95},{"code":"90","hospitalisations":209},{"code":"91","hospitalisations":1125},{"code":"92","hospitalisations":1987},{"code":"93","hospitalisations":1499},{"code":"94","hospitalisations":2046},{"code":"95","hospitalisations":894},{"code":"971","hospitalisations":33},{"code":"972","hospitalisations":49},{"code":"973","hospitalisations":9},{"code":"974","hospitalisations":39},{"code":"976","hospitalisations":15}]