[{"code":"01","hospitalisations":119},{"code":"02","hospitalisations":185},{"code":"03","hospitalisations":17},{"code":"04","hospitalisations":16},{"code":"05","hospitalisations":28},{"code":"06","hospitalisations":137},{"code":"07","hospitalisations":88},{"code":"08","hospitalisations":74},{"code":"09","hospitalisations":5},{"code":"10","hospitalisations":97},{"code":"11","hospitalisations":17},{"code":"12","hospitalisations":16},{"code":"13","hospitalisations":669},{"code":"14","hospitalisations":117},{"code":"15","hospitalisations":19},{"code":"16","hospitalisations":5},{"code":"17","hospitalisations":34},{"code":"18","hospitalisations":54},{"code":"19","hospitalisations":56},{"code":"21","hospitalisations":106},{"code":"22","hospitalisations":49},{"code":"23","hospitalisations":19},{"code":"24","hospitalisations":16},{"code":"25","hospitalisations":86},{"code":"26","hospitalisations":61},{"code":"27","hospitalisations":92},{"code":"28","hospitalisations":173},{"code":"29","hospitalisations":33},{"code":"2A","hospitalisations":30},{"code":"2B","hospitalisations":6},{"code":"30","hospitalisations":69},{"code":"31","hospitalisations":78},{"code":"32","hospitalisations":8},{"code":"33","hospitalisations":154},{"code":"34","hospitalisations":38},{"code":"35","hospitalisations":89},{"code":"36","hospitalisations":98},{"code":"37","hospitalisations":114},{"code":"38","hospitalisations":111},{"code":"39","hospitalisations":56},{"code":"40","hospitalisations":10},{"code":"41","hospitalisations":120},{"code":"42","hospitalisations":241},{"code":"43","hospitalisations":17},{"code":"44","hospitalisations":132},{"code":"45","hospitalisations":149},{"code":"46","hospitalisations":12},{"code":"47","hospitalisations":20},{"code":"48","hospitalisations":1},{"code":"49","hospitalisations":125},{"code":"50","hospitalisations":46},{"code":"51","hospitalisations":176},{"code":"52","hospitalisations":76},{"code":"53","hospitalisations":40},{"code":"54","hospitalisations":195},{"code":"55","hospitalisations":158},{"code":"56","hospitalisations":66},{"code":"57","hospitalisations":511},{"code":"58","hospitalisations":29},{"code":"59","hospitalisations":666},{"code":"60","hospitalisations":351},{"code":"61","hospitalisations":54},{"code":"62","hospitalisations":298},{"code":"63","hospitalisations":31},{"code":"64","hospitalisations":28},{"code":"65","hospitalisations":23},{"code":"66","hospitalisations":3},{"code":"67","hospitalisations":616},{"code":"68","hospitalisations":664},{"code":"69","hospitalisations":698},{"code":"70","hospitalisations":72},{"code":"71","hospitalisations":171},{"code":"72","hospitalisations":106},{"code":"73","hospitalisations":44},{"code":"74","hospitalisations":134},{"code":"75","hospitalisations":1355},{"code":"76","hospitalisations":143},{"code":"77","hospitalisations":489},{"code":"78","hospitalisations":625},{"code":"79","hospitalisations":11},{"code":"80","hospitalisations":170},{"code":"81","hospitalisations":22},{"code":"82","hospitalisations":6},{"code":"83","hospitalisations":159},{"code":"84","hospitalisations":29},{"code":"85","hospitalisations":59},{"code":"86","hospitalisations":16},{"code":"87","hospitalisations":22},{"code":"88","hospitalisations":79},{"code":"89","hospitalisations":100},{"code":"90","hospitalisations":110},{"code":"91","hospitalisations":821},{"code":"92","hospitalisations":1260},{"code":"93","hospitalisations":1073},{"code":"94","hospitalisations":1262},{"code":"95","hospitalisations":642},{"code":"971","hospitalisations":13},{"code":"972","hospitalisations":18},{"code":"973","hospitalisations":12},{"code":"974","hospitalisations":10},{"code":"976","hospitalisations":54}]