[{"code":"01","hospitalisations":142},{"code":"02","hospitalisations":269},{"code":"03","hospitalisations":36},{"code":"04","hospitalisations":22},{"code":"05","hospitalisations":38},{"code":"06","hospitalisations":193},{"code":"07","hospitalisations":140},{"code":"08","hospitalisations":54},{"code":"09","hospitalisations":7},{"code":"10","hospitalisations":136},{"code":"11","hospitalisations":22},{"code":"12","hospitalisations":24},{"code":"13","hospitalisations":831},{"code":"14","hospitalisations":150},{"code":"15","hospitalisations":23},{"code":"16","hospitalisations":3},{"code":"17","hospitalisations":54},{"code":"18","hospitalisations":79},{"code":"19","hospitalisations":71},{"code":"21","hospitalisations":270},{"code":"22","hospitalisations":51},{"code":"23","hospitalisations":17},{"code":"24","hospitalisations":25},{"code":"25","hospitalisations":140},{"code":"26","hospitalisations":96},{"code":"27","hospitalisations":112},{"code":"28","hospitalisations":214},{"code":"29","hospitalisations":57},{"code":"2A","hospitalisations":47},{"code":"2B","hospitalisations":7},{"code":"30","hospitalisations":113},{"code":"31","hospitalisations":108},{"code":"32","hospitalisations":23},{"code":"33","hospitalisations":189},{"code":"34","hospitalisations":89},{"code":"35","hospitalisations":130},{"code":"36","hospitalisations":115},{"code":"37","hospitalisations":153},{"code":"38","hospitalisations":158},{"code":"39","hospitalisations":84},{"code":"40","hospitalisations":17},{"code":"41","hospitalisations":132},{"code":"42","hospitalisations":363},{"code":"43","hospitalisations":32},{"code":"44","hospitalisations":201},{"code":"45","hospitalisations":226},{"code":"46","hospitalisations":12},{"code":"47","hospitalisations":30},{"code":"48","hospitalisations":2},{"code":"49","hospitalisations":156},{"code":"50","hospitalisations":54},{"code":"51","hospitalisations":312},{"code":"52","hospitalisations":70},{"code":"53","hospitalisations":73},{"code":"54","hospitalisations":322},{"code":"55","hospitalisations":144},{"code":"56","hospitalisations":114},{"code":"57","hospitalisations":660},{"code":"58","hospitalisations":46},{"code":"59","hospitalisations":775},{"code":"60","hospitalisations":398},{"code":"61","hospitalisations":70},{"code":"62","hospitalisations":402},{"code":"63","hospitalisations":37},{"code":"64","hospitalisations":38},{"code":"65","hospitalisations":53},{"code":"66","hospitalisations":10},{"code":"67","hospitalisations":808},{"code":"68","hospitalisations":800},{"code":"69","hospitalisations":1012},{"code":"70","hospitalisations":93},{"code":"71","hospitalisations":225},{"code":"72","hospitalisations":125},{"code":"73","hospitalisations":65},{"code":"74","hospitalisations":195},{"code":"75","hospitalisations":1971},{"code":"76","hospitalisations":176},{"code":"77","hospitalisations":638},{"code":"78","hospitalisations":760},{"code":"79","hospitalisations":15},{"code":"80","hospitalisations":252},{"code":"81","hospitalisations":26},{"code":"82","hospitalisations":10},{"code":"83","hospitalisations":218},{"code":"84","hospitalisations":57},{"code":"85","hospitalisations":47},{"code":"86","hospitalisations":40},{"code":"87","hospitalisations":36},{"code":"88","hospitalisations":197},{"code":"89","hospitalisations":109},{"code":"90","hospitalisations":144},{"code":"91","hospitalisations":978},{"code":"92","hospitalisations":1642},{"code":"93","hospitalisations":1411},{"code":"94","hospitalisations":1694},{"code":"95","hospitalisations":836},{"code":"971","hospitalisations":16},{"code":"972","hospitalisations":19},{"code":"973","hospitalisations":5},{"code":"974","hospitalisations":6},{"code":"976","hospitalisations":45}]