[{"code":"01","hospitalisations":162},{"code":"02","hospitalisations":288},{"code":"03","hospitalisations":54},{"code":"04","hospitalisations":27},{"code":"05","hospitalisations":36},{"code":"06","hospitalisations":260},{"code":"07","hospitalisations":102},{"code":"08","hospitalisations":52},{"code":"09","hospitalisations":10},{"code":"10","hospitalisations":225},{"code":"11","hospitalisations":54},{"code":"12","hospitalisations":45},{"code":"13","hospitalisations":1004},{"code":"14","hospitalisations":149},{"code":"15","hospitalisations":26},{"code":"16","hospitalisations":9},{"code":"17","hospitalisations":72},{"code":"18","hospitalisations":92},{"code":"19","hospitalisations":79},{"code":"21","hospitalisations":288},{"code":"22","hospitalisations":52},{"code":"23","hospitalisations":29},{"code":"24","hospitalisations":34},{"code":"25","hospitalisations":179},{"code":"26","hospitalisations":144},{"code":"27","hospitalisations":112},{"code":"28","hospitalisations":227},{"code":"29","hospitalisations":73},{"code":"2A","hospitalisations":54},{"code":"2B","hospitalisations":10},{"code":"30","hospitalisations":130},{"code":"31","hospitalisations":155},{"code":"32","hospitalisations":41},{"code":"33","hospitalisations":253},{"code":"34","hospitalisations":123},{"code":"35","hospitalisations":156},{"code":"36","hospitalisations":117},{"code":"37","hospitalisations":162},{"code":"38","hospitalisations":218},{"code":"39","hospitalisations":103},{"code":"40","hospitalisations":25},{"code":"41","hospitalisations":130},{"code":"42","hospitalisations":418},{"code":"43","hospitalisations":38},{"code":"44","hospitalisations":245},{"code":"45","hospitalisations":250},{"code":"46","hospitalisations":22},{"code":"47","hospitalisations":33},{"code":"48","hospitalisations":2},{"code":"49","hospitalisations":181},{"code":"50","hospitalisations":52},{"code":"51","hospitalisations":327},{"code":"52","hospitalisations":78},{"code":"53","hospitalisations":86},{"code":"54","hospitalisations":453},{"code":"55","hospitalisations":126},{"code":"56","hospitalisations":125},{"code":"57","hospitalisations":880},{"code":"58","hospitalisations":50},{"code":"59","hospitalisations":888},{"code":"60","hospitalisations":453},{"code":"61","hospitalisations":66},{"code":"62","hospitalisations":445},{"code":"63","hospitalisations":48},{"code":"64","hospitalisations":64},{"code":"65","hospitalisations":74},{"code":"66","hospitalisations":21},{"code":"67","hospitalisations":924},{"code":"68","hospitalisations":931},{"code":"69","hospitalisations":1151},{"code":"70","hospitalisations":101},{"code":"71","hospitalisations":231},{"code":"72","hospitalisations":143},{"code":"73","hospitalisations":83},{"code":"74","hospitalisations":219},{"code":"75","hospitalisations":2506},{"code":"76","hospitalisations":222},{"code":"77","hospitalisations":691},{"code":"78","hospitalisations":826},{"code":"79","hospitalisations":28},{"code":"80","hospitalisations":305},{"code":"81","hospitalisations":39},{"code":"82","hospitalisations":14},{"code":"83","hospitalisations":275},{"code":"84","hospitalisations":83},{"code":"85","hospitalisations":50},{"code":"86","hospitalisations":49},{"code":"87","hospitalisations":46},{"code":"88","hospitalisations":230},{"code":"89","hospitalisations":112},{"code":"90","hospitalisations":146},{"code":"91","hospitalisations":1188},{"code":"92","hospitalisations":1872},{"code":"93","hospitalisations":1522},{"code":"94","hospitalisations":1943},{"code":"95","hospitalisations":940},{"code":"971","hospitalisations":22},{"code":"972","hospitalisations":33},{"code":"973","hospitalisations":1},{"code":"974","hospitalisations":6},{"code":"976","hospitalisations":36}]