[{"code":"01","hospitalisations":4},{"code":"02","hospitalisations":61},{"code":"03","hospitalisations":5},{"code":"04","hospitalisations":4},{"code":"05","hospitalisations":13},{"code":"06","hospitalisations":46},{"code":"07","hospitalisations":15},{"code":"08","hospitalisations":3},{"code":"09","hospitalisations":2},{"code":"10","hospitalisations":12},{"code":"11","hospitalisations":26},{"code":"12","hospitalisations":11},{"code":"13","hospitalisations":203},{"code":"14","hospitalisations":6},{"code":"15","hospitalisations":5},{"code":"16","hospitalisations":3},{"code":"17","hospitalisations":11},{"code":"18","hospitalisations":0},{"code":"19","hospitalisations":1},{"code":"21","hospitalisations":79},{"code":"22","hospitalisations":7},{"code":"23","hospitalisations":1},{"code":"24","hospitalisations":4},{"code":"25","hospitalisations":48},{"code":"26","hospitalisations":43},{"code":"27","hospitalisations":7},{"code":"28","hospitalisations":13},{"code":"29","hospitalisations":20},{"code":"2A","hospitalisations":62},{"code":"2B","hospitalisations":6},{"code":"30","hospitalisations":7},{"code":"31","hospitalisations":51},{"code":"32","hospitalisations":4},{"code":"33","hospitalisations":39},{"code":"34","hospitalisations":65},{"code":"35","hospitalisations":20},{"code":"36","hospitalisations":5},{"code":"37","hospitalisations":12},{"code":"38","hospitalisations":30},{"code":"39","hospitalisations":7},{"code":"40","hospitalisations":0},{"code":"41","hospitalisations":4},{"code":"42","hospitalisations":71},{"code":"43","hospitalisations":4},{"code":"44","hospitalisations":38},{"code":"45","hospitalisations":30},{"code":"46","hospitalisations":1},{"code":"47","hospitalisations":13},{"code":"48","hospitalisations":1},{"code":"49","hospitalisations":22},{"code":"50","hospitalisations":15},{"code":"51","hospitalisations":67},{"code":"52","hospitalisations":9},{"code":"53","hospitalisations":7},{"code":"54","hospitalisations":76},{"code":"55","hospitalisations":60},{"code":"56","hospitalisations":62},{"code":"57","hospitalisations":286},{"code":"58","hospitalisations":1},{"code":"59","hospitalisations":79},{"code":"60","hospitalisations":138},{"code":"61","hospitalisations":4},{"code":"62","hospitalisations":44},{"code":"63","hospitalisations":4},{"code":"64","hospitalisations":10},{"code":"65","hospitalisations":5},{"code":"66","hospitalisations":25},{"code":"67","hospitalisations":420},{"code":"68","hospitalisations":517},{"code":"69","hospitalisations":272},{"code":"70","hospitalisations":26},{"code":"71","hospitalisations":50},{"code":"72","hospitalisations":9},{"code":"73","hospitalisations":18},{"code":"74","hospitalisations":54},{"code":"75","hospitalisations":649},{"code":"76","hospitalisations":60},{"code":"77","hospitalisations":89},{"code":"78","hospitalisations":174},{"code":"79","hospitalisations":5},{"code":"80","hospitalisations":102},{"code":"81","hospitalisations":8},{"code":"82","hospitalisations":3},{"code":"83","hospitalisations":40},{"code":"84","hospitalisations":20},{"code":"85","hospitalisations":4},{"code":"86","hospitalisations":12},{"code":"87","hospitalisations":8},{"code":"88","hospitalisations":55},{"code":"89","hospitalisations":11},{"code":"90","hospitalisations":61},{"code":"91","hospitalisations":151},{"code":"92","hospitalisations":298},{"code":"93","hospitalisations":220},{"code":"94","hospitalisations":268},{"code":"95","hospitalisations":238},{"code":"971","hospitalisations":0},{"code":"972","hospitalisations":19},{"code":"973","hospitalisations":0},{"code":"974","hospitalisations":2},{"code":"976","hospitalisations":0}]