[{"code":"01","hospitalisations":118},{"code":"02","hospitalisations":283},{"code":"03","hospitalisations":58},{"code":"04","hospitalisations":34},{"code":"05","hospitalisations":49},{"code":"06","hospitalisations":270},{"code":"07","hospitalisations":102},{"code":"08","hospitalisations":79},{"code":"09","hospitalisations":16},{"code":"10","hospitalisations":239},{"code":"11","hospitalisations":81},{"code":"12","hospitalisations":56},{"code":"13","hospitalisations":1133},{"code":"14","hospitalisations":162},{"code":"15","hospitalisations":28},{"code":"16","hospitalisations":14},{"code":"17","hospitalisations":86},{"code":"18","hospitalisations":68},{"code":"19","hospitalisations":48},{"code":"21","hospitalisations":344},{"code":"22","hospitalisations":73},{"code":"23","hospitalisations":33},{"code":"24","hospitalisations":26},{"code":"25","hospitalisations":213},{"code":"26","hospitalisations":236},{"code":"27","hospitalisations":94},{"code":"28","hospitalisations":219},{"code":"29","hospitalisations":123},{"code":"2A","hospitalisations":70},{"code":"2B","hospitalisations":4},{"code":"30","hospitalisations":95},{"code":"31","hospitalisations":244},{"code":"32","hospitalisations":28},{"code":"33","hospitalisations":299},{"code":"34","hospitalisations":183},{"code":"35","hospitalisations":182},{"code":"36","hospitalisations":82},{"code":"37","hospitalisations":194},{"code":"38","hospitalisations":248},{"code":"39","hospitalisations":117},{"code":"40","hospitalisations":24},{"code":"41","hospitalisations":96},{"code":"42","hospitalisations":493},{"code":"43","hospitalisations":32},{"code":"44","hospitalisations":295},{"code":"45","hospitalisations":284},{"code":"46","hospitalisations":20},{"code":"47","hospitalisations":30},{"code":"48","hospitalisations":6},{"code":"49","hospitalisations":220},{"code":"50","hospitalisations":72},{"code":"51","hospitalisations":383},{"code":"52","hospitalisations":99},{"code":"53","hospitalisations":69},{"code":"54","hospitalisations":496},{"code":"55","hospitalisations":144},{"code":"56","hospitalisations":132},{"code":"57","hospitalisations":1050},{"code":"58","hospitalisations":56},{"code":"59","hospitalisations":950},{"code":"60","hospitalisations":463},{"code":"61","hospitalisations":73},{"code":"62","hospitalisations":440},{"code":"63","hospitalisations":76},{"code":"64","hospitalisations":93},{"code":"65","hospitalisations":84},{"code":"66","hospitalisations":79},{"code":"67","hospitalisations":1102},{"code":"68","hospitalisations":1027},{"code":"69","hospitalisations":1241},{"code":"70","hospitalisations":85},{"code":"71","hospitalisations":175},{"code":"72","hospitalisations":151},{"code":"73","hospitalisations":108},{"code":"74","hospitalisations":285},{"code":"75","hospitalisations":3249},{"code":"76","hospitalisations":315},{"code":"77","hospitalisations":811},{"code":"78","hospitalisations":1063},{"code":"79","hospitalisations":35},{"code":"80","hospitalisations":348},{"code":"81","hospitalisations":44},{"code":"82","hospitalisations":18},{"code":"83","hospitalisations":265},{"code":"84","hospitalisations":79},{"code":"85","hospitalisations":75},{"code":"86","hospitalisations":67},{"code":"87","hospitalisations":77},{"code":"88","hospitalisations":268},{"code":"89","hospitalisations":84},{"code":"90","hospitalisations":220},{"code":"91","hospitalisations":1230},{"code":"92","hospitalisations":2024},{"code":"93","hospitalisations":1638},{"code":"94","hospitalisations":2231},{"code":"95","hospitalisations":919},{"code":"971","hospitalisations":38},{"code":"972","hospitalisations":38},{"code":"973","hospitalisations":15},{"code":"974","hospitalisations":28},{"code":"976","hospitalisations":22}]