[{"code":"01","hospitalisations":49},{"code":"02","hospitalisations":132},{"code":"03","hospitalisations":18},{"code":"04","hospitalisations":11},{"code":"05","hospitalisations":32},{"code":"06","hospitalisations":99},{"code":"07","hospitalisations":54},{"code":"08","hospitalisations":14},{"code":"09","hospitalisations":8},{"code":"10","hospitalisations":61},{"code":"11","hospitalisations":45},{"code":"12","hospitalisations":24},{"code":"13","hospitalisations":525},{"code":"14","hospitalisations":63},{"code":"15","hospitalisations":7},{"code":"16","hospitalisations":27},{"code":"17","hospitalisations":36},{"code":"18","hospitalisations":12},{"code":"19","hospitalisations":16},{"code":"21","hospitalisations":170},{"code":"22","hospitalisations":32},{"code":"23","hospitalisations":6},{"code":"24","hospitalisations":41},{"code":"25","hospitalisations":100},{"code":"26","hospitalisations":129},{"code":"27","hospitalisations":37},{"code":"28","hospitalisations":68},{"code":"29","hospitalisations":41},{"code":"2A","hospitalisations":95},{"code":"2B","hospitalisations":7},{"code":"30","hospitalisations":25},{"code":"31","hospitalisations":156},{"code":"32","hospitalisations":15},{"code":"33","hospitalisations":204},{"code":"34","hospitalisations":177},{"code":"35","hospitalisations":53},{"code":"36","hospitalisations":29},{"code":"37","hospitalisations":51},{"code":"38","hospitalisations":114},{"code":"39","hospitalisations":48},{"code":"40","hospitalisations":10},{"code":"41","hospitalisations":24},{"code":"42","hospitalisations":262},{"code":"43","hospitalisations":14},{"code":"44","hospitalisations":128},{"code":"45","hospitalisations":63},{"code":"46","hospitalisations":3},{"code":"47","hospitalisations":17},{"code":"48","hospitalisations":7},{"code":"49","hospitalisations":91},{"code":"50","hospitalisations":26},{"code":"51","hospitalisations":218},{"code":"52","hospitalisations":49},{"code":"53","hospitalisations":45},{"code":"54","hospitalisations":253},{"code":"55","hospitalisations":128},{"code":"56","hospitalisations":89},{"code":"57","hospitalisations":691},{"code":"58","hospitalisations":6},{"code":"59","hospitalisations":331},{"code":"60","hospitalisations":232},{"code":"61","hospitalisations":15},{"code":"62","hospitalisations":121},{"code":"63","hospitalisations":27},{"code":"64","hospitalisations":48},{"code":"65","hospitalisations":17},{"code":"66","hospitalisations":112},{"code":"67","hospitalisations":787},{"code":"68","hospitalisations":963},{"code":"69","hospitalisations":741},{"code":"70","hospitalisations":67},{"code":"71","hospitalisations":165},{"code":"72","hospitalisations":53},{"code":"73","hospitalisations":61},{"code":"74","hospitalisations":162},{"code":"75","hospitalisations":1656},{"code":"76","hospitalisations":172},{"code":"77","hospitalisations":321},{"code":"78","hospitalisations":452},{"code":"79","hospitalisations":16},{"code":"80","hospitalisations":177},{"code":"81","hospitalisations":25},{"code":"82","hospitalisations":4},{"code":"83","hospitalisations":114},{"code":"84","hospitalisations":42},{"code":"85","hospitalisations":54},{"code":"86","hospitalisations":28},{"code":"87","hospitalisations":33},{"code":"88","hospitalisations":126},{"code":"89","hospitalisations":37},{"code":"90","hospitalisations":147},{"code":"91","hospitalisations":453},{"code":"92","hospitalisations":967},{"code":"93","hospitalisations":680},{"code":"94","hospitalisations":760},{"code":"95","hospitalisations":504},{"code":"971","hospitalisations":29},{"code":"972","hospitalisations":44},{"code":"973","hospitalisations":0},{"code":"974","hospitalisations":3},{"code":"976","hospitalisations":0}]