[{"code":"01","hospitalisations":164},{"code":"02","hospitalisations":281},{"code":"03","hospitalisations":54},{"code":"04","hospitalisations":29},{"code":"05","hospitalisations":41},{"code":"06","hospitalisations":270},{"code":"07","hospitalisations":97},{"code":"08","hospitalisations":60},{"code":"09","hospitalisations":13},{"code":"10","hospitalisations":262},{"code":"11","hospitalisations":61},{"code":"12","hospitalisations":59},{"code":"13","hospitalisations":1050},{"code":"14","hospitalisations":138},{"code":"15","hospitalisations":25},{"code":"16","hospitalisations":10},{"code":"17","hospitalisations":80},{"code":"18","hospitalisations":83},{"code":"19","hospitalisations":73},{"code":"21","hospitalisations":340},{"code":"22","hospitalisations":54},{"code":"23","hospitalisations":29},{"code":"24","hospitalisations":45},{"code":"25","hospitalisations":177},{"code":"26","hospitalisations":144},{"code":"27","hospitalisations":110},{"code":"28","hospitalisations":240},{"code":"29","hospitalisations":79},{"code":"2A","hospitalisations":55},{"code":"2B","hospitalisations":11},{"code":"30","hospitalisations":131},{"code":"31","hospitalisations":173},{"code":"32","hospitalisations":49},{"code":"33","hospitalisations":266},{"code":"34","hospitalisations":137},{"code":"35","hospitalisations":171},{"code":"36","hospitalisations":110},{"code":"37","hospitalisations":162},{"code":"38","hospitalisations":224},{"code":"39","hospitalisations":108},{"code":"40","hospitalisations":27},{"code":"41","hospitalisations":115},{"code":"42","hospitalisations":444},{"code":"43","hospitalisations":36},{"code":"44","hospitalisations":269},{"code":"45","hospitalisations":255},{"code":"46","hospitalisations":24},{"code":"47","hospitalisations":36},{"code":"48","hospitalisations":4},{"code":"49","hospitalisations":190},{"code":"50","hospitalisations":53},{"code":"51","hospitalisations":333},{"code":"52","hospitalisations":76},{"code":"53","hospitalisations":91},{"code":"54","hospitalisations":445},{"code":"55","hospitalisations":133},{"code":"56","hospitalisations":126},{"code":"57","hospitalisations":980},{"code":"58","hospitalisations":51},{"code":"59","hospitalisations":927},{"code":"60","hospitalisations":464},{"code":"61","hospitalisations":65},{"code":"62","hospitalisations":439},{"code":"63","hospitalisations":51},{"code":"64","hospitalisations":71},{"code":"65","hospitalisations":74},{"code":"66","hospitalisations":26},{"code":"67","hospitalisations":931},{"code":"68","hospitalisations":956},{"code":"69","hospitalisations":1198},{"code":"70","hospitalisations":96},{"code":"71","hospitalisations":230},{"code":"72","hospitalisations":141},{"code":"73","hospitalisations":80},{"code":"74","hospitalisations":243},{"code":"75","hospitalisations":2705},{"code":"76","hospitalisations":248},{"code":"77","hospitalisations":693},{"code":"78","hospitalisations":857},{"code":"79","hospitalisations":27},{"code":"80","hospitalisations":324},{"code":"81","hospitalisations":39},{"code":"82","hospitalisations":14},{"code":"83","hospitalisations":325},{"code":"84","hospitalisations":68},{"code":"85","hospitalisations":56},{"code":"86","hospitalisations":53},{"code":"87","hospitalisations":52},{"code":"88","hospitalisations":240},{"code":"89","hospitalisations":117},{"code":"90","hospitalisations":164},{"code":"91","hospitalisations":1150},{"code":"92","hospitalisations":1936},{"code":"93","hospitalisations":1578},{"code":"94","hospitalisations":2071},{"code":"95","hospitalisations":960},{"code":"971","hospitalisations":24},{"code":"972","hospitalisations":33},{"code":"973","hospitalisations":3},{"code":"974","hospitalisations":10},{"code":"976","hospitalisations":21}]