[{"code":"01","hospitalisations":135},{"code":"02","hospitalisations":185},{"code":"03","hospitalisations":20},{"code":"04","hospitalisations":17},{"code":"05","hospitalisations":29},{"code":"06","hospitalisations":163},{"code":"07","hospitalisations":112},{"code":"08","hospitalisations":51},{"code":"09","hospitalisations":3},{"code":"10","hospitalisations":108},{"code":"11","hospitalisations":17},{"code":"12","hospitalisations":20},{"code":"13","hospitalisations":718},{"code":"14","hospitalisations":129},{"code":"15","hospitalisations":19},{"code":"16","hospitalisations":7},{"code":"17","hospitalisations":41},{"code":"18","hospitalisations":61},{"code":"19","hospitalisations":62},{"code":"21","hospitalisations":121},{"code":"22","hospitalisations":53},{"code":"23","hospitalisations":18},{"code":"24","hospitalisations":19},{"code":"25","hospitalisations":115},{"code":"26","hospitalisations":72},{"code":"27","hospitalisations":106},{"code":"28","hospitalisations":181},{"code":"29","hospitalisations":40},{"code":"2A","hospitalisations":36},{"code":"2B","hospitalisations":6},{"code":"30","hospitalisations":84},{"code":"31","hospitalisations":85},{"code":"32","hospitalisations":12},{"code":"33","hospitalisations":166},{"code":"34","hospitalisations":47},{"code":"35","hospitalisations":83},{"code":"36","hospitalisations":100},{"code":"37","hospitalisations":127},{"code":"38","hospitalisations":138},{"code":"39","hospitalisations":67},{"code":"40","hospitalisations":12},{"code":"41","hospitalisations":133},{"code":"42","hospitalisations":289},{"code":"43","hospitalisations":23},{"code":"44","hospitalisations":150},{"code":"45","hospitalisations":173},{"code":"46","hospitalisations":10},{"code":"47","hospitalisations":24},{"code":"48","hospitalisations":1},{"code":"49","hospitalisations":145},{"code":"50","hospitalisations":47},{"code":"51","hospitalisations":194},{"code":"52","hospitalisations":85},{"code":"53","hospitalisations":42},{"code":"54","hospitalisations":227},{"code":"55","hospitalisations":156},{"code":"56","hospitalisations":89},{"code":"57","hospitalisations":589},{"code":"58","hospitalisations":39},{"code":"59","hospitalisations":689},{"code":"60","hospitalisations":377},{"code":"61","hospitalisations":51},{"code":"62","hospitalisations":324},{"code":"63","hospitalisations":23},{"code":"64","hospitalisations":32},{"code":"65","hospitalisations":40},{"code":"66","hospitalisations":5},{"code":"67","hospitalisations":689},{"code":"68","hospitalisations":714},{"code":"69","hospitalisations":796},{"code":"70","hospitalisations":78},{"code":"71","hospitalisations":183},{"code":"72","hospitalisations":123},{"code":"73","hospitalisations":52},{"code":"74","hospitalisations":154},{"code":"75","hospitalisations":1561},{"code":"76","hospitalisations":150},{"code":"77","hospitalisations":525},{"code":"78","hospitalisations":650},{"code":"79","hospitalisations":12},{"code":"80","hospitalisations":197},{"code":"81","hospitalisations":23},{"code":"82","hospitalisations":7},{"code":"83","hospitalisations":180},{"code":"84","hospitalisations":31},{"code":"85","hospitalisations":49},{"code":"86","hospitalisations":17},{"code":"87","hospitalisations":30},{"code":"88","hospitalisations":119},{"code":"89","hospitalisations":108},{"code":"90","hospitalisations":120},{"code":"91","hospitalisations":889},{"code":"92","hospitalisations":1419},{"code":"93","hospitalisations":1165},{"code":"94","hospitalisations":1376},{"code":"95","hospitalisations":733},{"code":"971","hospitalisations":14},{"code":"972","hospitalisations":20},{"code":"973","hospitalisations":9},{"code":"974","hospitalisations":13},{"code":"976","hospitalisations":53}]