[{"code":"01","hospitalisations":132},{"code":"02","hospitalisations":191},{"code":"03","hospitalisations":18},{"code":"04","hospitalisations":17},{"code":"05","hospitalisations":29},{"code":"06","hospitalisations":144},{"code":"07","hospitalisations":100},{"code":"08","hospitalisations":50},{"code":"09","hospitalisations":3},{"code":"10","hospitalisations":112},{"code":"11","hospitalisations":20},{"code":"12","hospitalisations":16},{"code":"13","hospitalisations":715},{"code":"14","hospitalisations":122},{"code":"15","hospitalisations":20},{"code":"16","hospitalisations":7},{"code":"17","hospitalisations":37},{"code":"18","hospitalisations":57},{"code":"19","hospitalisations":59},{"code":"21","hospitalisations":119},{"code":"22","hospitalisations":51},{"code":"23","hospitalisations":17},{"code":"24","hospitalisations":18},{"code":"25","hospitalisations":95},{"code":"26","hospitalisations":67},{"code":"27","hospitalisations":94},{"code":"28","hospitalisations":174},{"code":"29","hospitalisations":37},{"code":"2A","hospitalisations":35},{"code":"2B","hospitalisations":5},{"code":"30","hospitalisations":74},{"code":"31","hospitalisations":83},{"code":"32","hospitalisations":11},{"code":"33","hospitalisations":165},{"code":"34","hospitalisations":41},{"code":"35","hospitalisations":85},{"code":"36","hospitalisations":99},{"code":"37","hospitalisations":119},{"code":"38","hospitalisations":127},{"code":"39","hospitalisations":63},{"code":"40","hospitalisations":13},{"code":"41","hospitalisations":129},{"code":"42","hospitalisations":277},{"code":"43","hospitalisations":18},{"code":"44","hospitalisations":140},{"code":"45","hospitalisations":158},{"code":"46","hospitalisations":12},{"code":"47","hospitalisations":23},{"code":"48","hospitalisations":1},{"code":"49","hospitalisations":142},{"code":"50","hospitalisations":47},{"code":"51","hospitalisations":190},{"code":"52","hospitalisations":82},{"code":"53","hospitalisations":40},{"code":"54","hospitalisations":212},{"code":"55","hospitalisations":159},{"code":"56","hospitalisations":76},{"code":"57","hospitalisations":559},{"code":"58","hospitalisations":38},{"code":"59","hospitalisations":686},{"code":"60","hospitalisations":370},{"code":"61","hospitalisations":53},{"code":"62","hospitalisations":311},{"code":"63","hospitalisations":31},{"code":"64","hospitalisations":30},{"code":"65","hospitalisations":34},{"code":"66","hospitalisations":4},{"code":"67","hospitalisations":648},{"code":"68","hospitalisations":699},{"code":"69","hospitalisations":750},{"code":"70","hospitalisations":77},{"code":"71","hospitalisations":185},{"code":"72","hospitalisations":114},{"code":"73","hospitalisations":48},{"code":"74","hospitalisations":152},{"code":"75","hospitalisations":1506},{"code":"76","hospitalisations":150},{"code":"77","hospitalisations":500},{"code":"78","hospitalisations":627},{"code":"79","hospitalisations":11},{"code":"80","hospitalisations":186},{"code":"81","hospitalisations":22},{"code":"82","hospitalisations":6},{"code":"83","hospitalisations":167},{"code":"84","hospitalisations":32},{"code":"85","hospitalisations":53},{"code":"86","hospitalisations":18},{"code":"87","hospitalisations":25},{"code":"88","hospitalisations":89},{"code":"89","hospitalisations":106},{"code":"90","hospitalisations":114},{"code":"91","hospitalisations":852},{"code":"92","hospitalisations":1341},{"code":"93","hospitalisations":1093},{"code":"94","hospitalisations":1313},{"code":"95","hospitalisations":695},{"code":"971","hospitalisations":14},{"code":"972","hospitalisations":19},{"code":"973","hospitalisations":14},{"code":"974","hospitalisations":12},{"code":"976","hospitalisations":55}]