[{"code":"01","hospitalisations":134},{"code":"02","hospitalisations":242},{"code":"03","hospitalisations":36},{"code":"04","hospitalisations":17},{"code":"05","hospitalisations":35},{"code":"06","hospitalisations":209},{"code":"07","hospitalisations":134},{"code":"08","hospitalisations":53},{"code":"09","hospitalisations":3},{"code":"10","hospitalisations":115},{"code":"11","hospitalisations":20},{"code":"12","hospitalisations":23},{"code":"13","hospitalisations":786},{"code":"14","hospitalisations":150},{"code":"15","hospitalisations":20},{"code":"16","hospitalisations":3},{"code":"17","hospitalisations":50},{"code":"18","hospitalisations":75},{"code":"19","hospitalisations":67},{"code":"21","hospitalisations":218},{"code":"22","hospitalisations":51},{"code":"23","hospitalisations":22},{"code":"24","hospitalisations":24},{"code":"25","hospitalisations":124},{"code":"26","hospitalisations":81},{"code":"27","hospitalisations":104},{"code":"28","hospitalisations":210},{"code":"29","hospitalisations":56},{"code":"2A","hospitalisations":46},{"code":"2B","hospitalisations":5},{"code":"30","hospitalisations":96},{"code":"31","hospitalisations":112},{"code":"32","hospitalisations":21},{"code":"33","hospitalisations":174},{"code":"34","hospitalisations":65},{"code":"35","hospitalisations":112},{"code":"36","hospitalisations":107},{"code":"37","hospitalisations":145},{"code":"38","hospitalisations":151},{"code":"39","hospitalisations":74},{"code":"40","hospitalisations":17},{"code":"41","hospitalisations":137},{"code":"42","hospitalisations":342},{"code":"43","hospitalisations":23},{"code":"44","hospitalisations":186},{"code":"45","hospitalisations":197},{"code":"46","hospitalisations":13},{"code":"47","hospitalisations":23},{"code":"48","hospitalisations":0},{"code":"49","hospitalisations":145},{"code":"50","hospitalisations":54},{"code":"51","hospitalisations":306},{"code":"52","hospitalisations":95},{"code":"53","hospitalisations":68},{"code":"54","hospitalisations":298},{"code":"55","hospitalisations":146},{"code":"56","hospitalisations":108},{"code":"57","hospitalisations":644},{"code":"58","hospitalisations":41},{"code":"59","hospitalisations":756},{"code":"60","hospitalisations":380},{"code":"61","hospitalisations":61},{"code":"62","hospitalisations":365},{"code":"63","hospitalisations":27},{"code":"64","hospitalisations":35},{"code":"65","hospitalisations":44},{"code":"66","hospitalisations":9},{"code":"67","hospitalisations":763},{"code":"68","hospitalisations":763},{"code":"69","hospitalisations":928},{"code":"70","hospitalisations":80},{"code":"71","hospitalisations":207},{"code":"72","hospitalisations":131},{"code":"73","hospitalisations":54},{"code":"74","hospitalisations":186},{"code":"75","hospitalisations":1803},{"code":"76","hospitalisations":161},{"code":"77","hospitalisations":562},{"code":"78","hospitalisations":736},{"code":"79","hospitalisations":12},{"code":"80","hospitalisations":228},{"code":"81","hospitalisations":26},{"code":"82","hospitalisations":8},{"code":"83","hospitalisations":224},{"code":"84","hospitalisations":50},{"code":"85","hospitalisations":42},{"code":"86","hospitalisations":28},{"code":"87","hospitalisations":38},{"code":"88","hospitalisations":143},{"code":"89","hospitalisations":113},{"code":"90","hospitalisations":143},{"code":"91","hospitalisations":965},{"code":"92","hospitalisations":1553},{"code":"93","hospitalisations":1341},{"code":"94","hospitalisations":1598},{"code":"95","hospitalisations":815},{"code":"971","hospitalisations":14},{"code":"972","hospitalisations":19},{"code":"973","hospitalisations":6},{"code":"974","hospitalisations":13},{"code":"976","hospitalisations":59}]