[{"code":"01","hospitalisations":160},{"code":"02","hospitalisations":286},{"code":"03","hospitalisations":44},{"code":"04","hospitalisations":27},{"code":"05","hospitalisations":35},{"code":"06","hospitalisations":238},{"code":"07","hospitalisations":145},{"code":"08","hospitalisations":46},{"code":"09","hospitalisations":10},{"code":"10","hospitalisations":230},{"code":"11","hospitalisations":36},{"code":"12","hospitalisations":35},{"code":"13","hospitalisations":915},{"code":"14","hospitalisations":148},{"code":"15","hospitalisations":27},{"code":"16","hospitalisations":4},{"code":"17","hospitalisations":62},{"code":"18","hospitalisations":90},{"code":"19","hospitalisations":80},{"code":"21","hospitalisations":287},{"code":"22","hospitalisations":50},{"code":"23","hospitalisations":24},{"code":"24","hospitalisations":24},{"code":"25","hospitalisations":160},{"code":"26","hospitalisations":109},{"code":"27","hospitalisations":113},{"code":"28","hospitalisations":218},{"code":"29","hospitalisations":64},{"code":"2A","hospitalisations":46},{"code":"2B","hospitalisations":11},{"code":"30","hospitalisations":128},{"code":"31","hospitalisations":125},{"code":"32","hospitalisations":29},{"code":"33","hospitalisations":219},{"code":"34","hospitalisations":114},{"code":"35","hospitalisations":150},{"code":"36","hospitalisations":126},{"code":"37","hospitalisations":159},{"code":"38","hospitalisations":165},{"code":"39","hospitalisations":99},{"code":"40","hospitalisations":23},{"code":"41","hospitalisations":136},{"code":"42","hospitalisations":392},{"code":"43","hospitalisations":30},{"code":"44","hospitalisations":221},{"code":"45","hospitalisations":239},{"code":"46","hospitalisations":14},{"code":"47","hospitalisations":30},{"code":"48","hospitalisations":1},{"code":"49","hospitalisations":163},{"code":"50","hospitalisations":53},{"code":"51","hospitalisations":320},{"code":"52","hospitalisations":72},{"code":"53","hospitalisations":85},{"code":"54","hospitalisations":365},{"code":"55","hospitalisations":135},{"code":"56","hospitalisations":127},{"code":"57","hospitalisations":762},{"code":"58","hospitalisations":52},{"code":"59","hospitalisations":840},{"code":"60","hospitalisations":428},{"code":"61","hospitalisations":68},{"code":"62","hospitalisations":412},{"code":"63","hospitalisations":45},{"code":"64","hospitalisations":49},{"code":"65","hospitalisations":69},{"code":"66","hospitalisations":16},{"code":"67","hospitalisations":875},{"code":"68","hospitalisations":869},{"code":"69","hospitalisations":1092},{"code":"70","hospitalisations":101},{"code":"71","hospitalisations":238},{"code":"72","hospitalisations":119},{"code":"73","hospitalisations":72},{"code":"74","hospitalisations":208},{"code":"75","hospitalisations":2292},{"code":"76","hospitalisations":205},{"code":"77","hospitalisations":667},{"code":"78","hospitalisations":799},{"code":"79","hospitalisations":19},{"code":"80","hospitalisations":270},{"code":"81","hospitalisations":47},{"code":"82","hospitalisations":12},{"code":"83","hospitalisations":238},{"code":"84","hospitalisations":72},{"code":"85","hospitalisations":41},{"code":"86","hospitalisations":44},{"code":"87","hospitalisations":37},{"code":"88","hospitalisations":228},{"code":"89","hospitalisations":109},{"code":"90","hospitalisations":135},{"code":"91","hospitalisations":1181},{"code":"92","hospitalisations":1759},{"code":"93","hospitalisations":1447},{"code":"94","hospitalisations":1844},{"code":"95","hospitalisations":912},{"code":"971","hospitalisations":17},{"code":"972","hospitalisations":21},{"code":"973","hospitalisations":0},{"code":"974","hospitalisations":4},{"code":"976","hospitalisations":33}]