[{"code":"01","hospitalisations":8},{"code":"02","hospitalisations":69},{"code":"03","hospitalisations":5},{"code":"04","hospitalisations":4},{"code":"05","hospitalisations":14},{"code":"06","hospitalisations":45},{"code":"07","hospitalisations":22},{"code":"08","hospitalisations":4},{"code":"09","hospitalisations":2},{"code":"10","hospitalisations":21},{"code":"11","hospitalisations":27},{"code":"12","hospitalisations":13},{"code":"13","hospitalisations":247},{"code":"14","hospitalisations":11},{"code":"15","hospitalisations":5},{"code":"16","hospitalisations":5},{"code":"17","hospitalisations":12},{"code":"18","hospitalisations":0},{"code":"19","hospitalisations":4},{"code":"21","hospitalisations":101},{"code":"22","hospitalisations":7},{"code":"23","hospitalisations":1},{"code":"24","hospitalisations":6},{"code":"25","hospitalisations":63},{"code":"26","hospitalisations":46},{"code":"27","hospitalisations":12},{"code":"28","hospitalisations":15},{"code":"29","hospitalisations":19},{"code":"2A","hospitalisations":58},{"code":"2B","hospitalisations":6},{"code":"30","hospitalisations":13},{"code":"31","hospitalisations":55},{"code":"32","hospitalisations":4},{"code":"33","hospitalisations":54},{"code":"34","hospitalisations":66},{"code":"35","hospitalisations":27},{"code":"36","hospitalisations":5},{"code":"37","hospitalisations":13},{"code":"38","hospitalisations":36},{"code":"39","hospitalisations":8},{"code":"40","hospitalisations":0},{"code":"41","hospitalisations":4},{"code":"42","hospitalisations":98},{"code":"43","hospitalisations":5},{"code":"44","hospitalisations":50},{"code":"45","hospitalisations":37},{"code":"46","hospitalisations":1},{"code":"47","hospitalisations":15},{"code":"48","hospitalisations":2},{"code":"49","hospitalisations":22},{"code":"50","hospitalisations":19},{"code":"51","hospitalisations":92},{"code":"52","hospitalisations":13},{"code":"53","hospitalisations":9},{"code":"54","hospitalisations":105},{"code":"55","hospitalisations":60},{"code":"56","hospitalisations":77},{"code":"57","hospitalisations":332},{"code":"58","hospitalisations":1},{"code":"59","hospitalisations":96},{"code":"60","hospitalisations":147},{"code":"61","hospitalisations":4},{"code":"62","hospitalisations":49},{"code":"63","hospitalisations":4},{"code":"64","hospitalisations":15},{"code":"65","hospitalisations":6},{"code":"66","hospitalisations":60},{"code":"67","hospitalisations":463},{"code":"68","hospitalisations":538},{"code":"69","hospitalisations":326},{"code":"70","hospitalisations":26},{"code":"71","hospitalisations":65},{"code":"72","hospitalisations":11},{"code":"73","hospitalisations":22},{"code":"74","hospitalisations":64},{"code":"75","hospitalisations":728},{"code":"76","hospitalisations":72},{"code":"77","hospitalisations":127},{"code":"78","hospitalisations":206},{"code":"79","hospitalisations":8},{"code":"80","hospitalisations":124},{"code":"81","hospitalisations":10},{"code":"82","hospitalisations":3},{"code":"83","hospitalisations":56},{"code":"84","hospitalisations":22},{"code":"85","hospitalisations":7},{"code":"86","hospitalisations":13},{"code":"87","hospitalisations":13},{"code":"88","hospitalisations":62},{"code":"89","hospitalisations":13},{"code":"90","hospitalisations":68},{"code":"91","hospitalisations":196},{"code":"92","hospitalisations":378},{"code":"93","hospitalisations":263},{"code":"94","hospitalisations":306},{"code":"95","hospitalisations":281},{"code":"971","hospitalisations":6},{"code":"972","hospitalisations":19},{"code":"973","hospitalisations":0},{"code":"974","hospitalisations":2},{"code":"976","hospitalisations":0}]