[{"code":"01","hospitalisations":109},{"code":"02","hospitalisations":223},{"code":"03","hospitalisations":44},{"code":"04","hospitalisations":29},{"code":"05","hospitalisations":60},{"code":"06","hospitalisations":217},{"code":"07","hospitalisations":87},{"code":"08","hospitalisations":68},{"code":"09","hospitalisations":15},{"code":"10","hospitalisations":141},{"code":"11","hospitalisations":102},{"code":"12","hospitalisations":58},{"code":"13","hospitalisations":1040},{"code":"14","hospitalisations":130},{"code":"15","hospitalisations":25},{"code":"16","hospitalisations":17},{"code":"17","hospitalisations":79},{"code":"18","hospitalisations":47},{"code":"19","hospitalisations":43},{"code":"21","hospitalisations":255},{"code":"22","hospitalisations":62},{"code":"23","hospitalisations":12},{"code":"24","hospitalisations":25},{"code":"25","hospitalisations":175},{"code":"26","hospitalisations":254},{"code":"27","hospitalisations":69},{"code":"28","hospitalisations":162},{"code":"29","hospitalisations":79},{"code":"2A","hospitalisations":80},{"code":"2B","hospitalisations":17},{"code":"30","hospitalisations":66},{"code":"31","hospitalisations":227},{"code":"32","hospitalisations":27},{"code":"33","hospitalisations":305},{"code":"34","hospitalisations":252},{"code":"35","hospitalisations":131},{"code":"36","hospitalisations":56},{"code":"37","hospitalisations":170},{"code":"38","hospitalisations":204},{"code":"39","hospitalisations":70},{"code":"40","hospitalisations":22},{"code":"41","hospitalisations":67},{"code":"42","hospitalisations":466},{"code":"43","hospitalisations":23},{"code":"44","hospitalisations":244},{"code":"45","hospitalisations":228},{"code":"46","hospitalisations":17},{"code":"47","hospitalisations":28},{"code":"48","hospitalisations":8},{"code":"49","hospitalisations":157},{"code":"50","hospitalisations":65},{"code":"51","hospitalisations":384},{"code":"52","hospitalisations":99},{"code":"53","hospitalisations":75},{"code":"54","hospitalisations":497},{"code":"55","hospitalisations":159},{"code":"56","hospitalisations":136},{"code":"57","hospitalisations":1028},{"code":"58","hospitalisations":27},{"code":"59","hospitalisations":773},{"code":"60","hospitalisations":344},{"code":"61","hospitalisations":63},{"code":"62","hospitalisations":363},{"code":"63","hospitalisations":69},{"code":"64","hospitalisations":80},{"code":"65","hospitalisations":43},{"code":"66","hospitalisations":107},{"code":"67","hospitalisations":1054},{"code":"68","hospitalisations":1024},{"code":"69","hospitalisations":1215},{"code":"70","hospitalisations":80},{"code":"71","hospitalisations":162},{"code":"72","hospitalisations":105},{"code":"73","hospitalisations":114},{"code":"74","hospitalisations":264},{"code":"75","hospitalisations":2999},{"code":"76","hospitalisations":350},{"code":"77","hospitalisations":673},{"code":"78","hospitalisations":913},{"code":"79","hospitalisations":26},{"code":"80","hospitalisations":332},{"code":"81","hospitalisations":61},{"code":"82","hospitalisations":14},{"code":"83","hospitalisations":217},{"code":"84","hospitalisations":78},{"code":"85","hospitalisations":68},{"code":"86","hospitalisations":45},{"code":"87","hospitalisations":67},{"code":"88","hospitalisations":248},{"code":"89","hospitalisations":102},{"code":"90","hospitalisations":204},{"code":"91","hospitalisations":911},{"code":"92","hospitalisations":1929},{"code":"93","hospitalisations":1310},{"code":"94","hospitalisations":1651},{"code":"95","hospitalisations":828},{"code":"971","hospitalisations":36},{"code":"972","hospitalisations":51},{"code":"973","hospitalisations":7},{"code":"974","hospitalisations":46},{"code":"976","hospitalisations":15}]