[{"code":"01","hospitalisations":125},{"code":"02","hospitalisations":270},{"code":"03","hospitalisations":57},{"code":"04","hospitalisations":31},{"code":"05","hospitalisations":54},{"code":"06","hospitalisations":264},{"code":"07","hospitalisations":107},{"code":"08","hospitalisations":78},{"code":"09","hospitalisations":18},{"code":"10","hospitalisations":202},{"code":"11","hospitalisations":69},{"code":"12","hospitalisations":52},{"code":"13","hospitalisations":1045},{"code":"14","hospitalisations":157},{"code":"15","hospitalisations":27},{"code":"16","hospitalisations":11},{"code":"17","hospitalisations":80},{"code":"18","hospitalisations":60},{"code":"19","hospitalisations":44},{"code":"21","hospitalisations":290},{"code":"22","hospitalisations":64},{"code":"23","hospitalisations":29},{"code":"24","hospitalisations":22},{"code":"25","hospitalisations":199},{"code":"26","hospitalisations":241},{"code":"27","hospitalisations":67},{"code":"28","hospitalisations":186},{"code":"29","hospitalisations":109},{"code":"2A","hospitalisations":78},{"code":"2B","hospitalisations":10},{"code":"30","hospitalisations":106},{"code":"31","hospitalisations":247},{"code":"32","hospitalisations":28},{"code":"33","hospitalisations":282},{"code":"34","hospitalisations":224},{"code":"35","hospitalisations":173},{"code":"36","hospitalisations":66},{"code":"37","hospitalisations":193},{"code":"38","hospitalisations":236},{"code":"39","hospitalisations":105},{"code":"40","hospitalisations":30},{"code":"41","hospitalisations":103},{"code":"42","hospitalisations":472},{"code":"43","hospitalisations":24},{"code":"44","hospitalisations":274},{"code":"45","hospitalisations":256},{"code":"46","hospitalisations":20},{"code":"47","hospitalisations":29},{"code":"48","hospitalisations":6},{"code":"49","hospitalisations":191},{"code":"50","hospitalisations":71},{"code":"51","hospitalisations":386},{"code":"52","hospitalisations":97},{"code":"53","hospitalisations":75},{"code":"54","hospitalisations":470},{"code":"55","hospitalisations":158},{"code":"56","hospitalisations":147},{"code":"57","hospitalisations":1022},{"code":"58","hospitalisations":37},{"code":"59","hospitalisations":912},{"code":"60","hospitalisations":424},{"code":"61","hospitalisations":72},{"code":"62","hospitalisations":457},{"code":"63","hospitalisations":73},{"code":"64","hospitalisations":96},{"code":"65","hospitalisations":64},{"code":"66","hospitalisations":87},{"code":"67","hospitalisations":1090},{"code":"68","hospitalisations":1012},{"code":"69","hospitalisations":1197},{"code":"70","hospitalisations":91},{"code":"71","hospitalisations":188},{"code":"72","hospitalisations":130},{"code":"73","hospitalisations":121},{"code":"74","hospitalisations":282},{"code":"75","hospitalisations":3155},{"code":"76","hospitalisations":330},{"code":"77","hospitalisations":752},{"code":"78","hospitalisations":1035},{"code":"79","hospitalisations":36},{"code":"80","hospitalisations":366},{"code":"81","hospitalisations":51},{"code":"82","hospitalisations":20},{"code":"83","hospitalisations":268},{"code":"84","hospitalisations":86},{"code":"85","hospitalisations":71},{"code":"86","hospitalisations":59},{"code":"87","hospitalisations":74},{"code":"88","hospitalisations":254},{"code":"89","hospitalisations":91},{"code":"90","hospitalisations":210},{"code":"91","hospitalisations":1134},{"code":"92","hospitalisations":1968},{"code":"93","hospitalisations":1575},{"code":"94","hospitalisations":2116},{"code":"95","hospitalisations":946},{"code":"971","hospitalisations":33},{"code":"972","hospitalisations":47},{"code":"973","hospitalisations":9},{"code":"974","hospitalisations":36},{"code":"976","hospitalisations":16}]