[{"code":"01","hospitalisations":53},{"code":"02","hospitalisations":134},{"code":"03","hospitalisations":22},{"code":"04","hospitalisations":12},{"code":"05","hospitalisations":32},{"code":"06","hospitalisations":105},{"code":"07","hospitalisations":62},{"code":"08","hospitalisations":25},{"code":"09","hospitalisations":8},{"code":"10","hospitalisations":64},{"code":"11","hospitalisations":59},{"code":"12","hospitalisations":33},{"code":"13","hospitalisations":601},{"code":"14","hospitalisations":81},{"code":"15","hospitalisations":8},{"code":"16","hospitalisations":23},{"code":"17","hospitalisations":41},{"code":"18","hospitalisations":16},{"code":"19","hospitalisations":29},{"code":"21","hospitalisations":202},{"code":"22","hospitalisations":34},{"code":"23","hospitalisations":6},{"code":"24","hospitalisations":11},{"code":"25","hospitalisations":91},{"code":"26","hospitalisations":165},{"code":"27","hospitalisations":37},{"code":"28","hospitalisations":73},{"code":"29","hospitalisations":48},{"code":"2A","hospitalisations":101},{"code":"2B","hospitalisations":7},{"code":"30","hospitalisations":36},{"code":"31","hospitalisations":163},{"code":"32","hospitalisations":16},{"code":"33","hospitalisations":216},{"code":"34","hospitalisations":202},{"code":"35","hospitalisations":65},{"code":"36","hospitalisations":41},{"code":"37","hospitalisations":51},{"code":"38","hospitalisations":120},{"code":"39","hospitalisations":37},{"code":"40","hospitalisations":9},{"code":"41","hospitalisations":29},{"code":"42","hospitalisations":321},{"code":"43","hospitalisations":14},{"code":"44","hospitalisations":144},{"code":"45","hospitalisations":83},{"code":"46","hospitalisations":3},{"code":"47","hospitalisations":25},{"code":"48","hospitalisations":8},{"code":"49","hospitalisations":107},{"code":"50","hospitalisations":32},{"code":"51","hospitalisations":254},{"code":"52","hospitalisations":53},{"code":"53","hospitalisations":46},{"code":"54","hospitalisations":314},{"code":"55","hospitalisations":130},{"code":"56","hospitalisations":93},{"code":"57","hospitalisations":747},{"code":"58","hospitalisations":7},{"code":"59","hospitalisations":389},{"code":"60","hospitalisations":245},{"code":"61","hospitalisations":19},{"code":"62","hospitalisations":149},{"code":"63","hospitalisations":35},{"code":"64","hospitalisations":48},{"code":"65","hospitalisations":21},{"code":"66","hospitalisations":123},{"code":"67","hospitalisations":834},{"code":"68","hospitalisations":954},{"code":"69","hospitalisations":860},{"code":"70","hospitalisations":66},{"code":"71","hospitalisations":182},{"code":"72","hospitalisations":79},{"code":"73","hospitalisations":66},{"code":"74","hospitalisations":178},{"code":"75","hospitalisations":1927},{"code":"76","hospitalisations":216},{"code":"77","hospitalisations":386},{"code":"78","hospitalisations":513},{"code":"79","hospitalisations":17},{"code":"80","hospitalisations":215},{"code":"81","hospitalisations":30},{"code":"82","hospitalisations":4},{"code":"83","hospitalisations":139},{"code":"84","hospitalisations":45},{"code":"85","hospitalisations":65},{"code":"86","hospitalisations":26},{"code":"87","hospitalisations":39},{"code":"88","hospitalisations":150},{"code":"89","hospitalisations":38},{"code":"90","hospitalisations":164},{"code":"91","hospitalisations":516},{"code":"92","hospitalisations":1103},{"code":"93","hospitalisations":677},{"code":"94","hospitalisations":871},{"code":"95","hospitalisations":530},{"code":"971","hospitalisations":44},{"code":"972","hospitalisations":53},{"code":"973","hospitalisations":0},{"code":"974","hospitalisations":15},{"code":"976","hospitalisations":0}]