[{"code":"01","hospitalisations":67},{"code":"02","hospitalisations":135},{"code":"03","hospitalisations":30},{"code":"04","hospitalisations":19},{"code":"05","hospitalisations":38},{"code":"06","hospitalisations":119},{"code":"07","hospitalisations":72},{"code":"08","hospitalisations":30},{"code":"09","hospitalisations":11},{"code":"10","hospitalisations":70},{"code":"11","hospitalisations":73},{"code":"12","hospitalisations":40},{"code":"13","hospitalisations":811},{"code":"14","hospitalisations":95},{"code":"15","hospitalisations":10},{"code":"16","hospitalisations":35},{"code":"17","hospitalisations":61},{"code":"18","hospitalisations":32},{"code":"19","hospitalisations":37},{"code":"21","hospitalisations":211},{"code":"22","hospitalisations":39},{"code":"23","hospitalisations":8},{"code":"24","hospitalisations":11},{"code":"25","hospitalisations":152},{"code":"26","hospitalisations":209},{"code":"27","hospitalisations":39},{"code":"28","hospitalisations":114},{"code":"29","hospitalisations":54},{"code":"2A","hospitalisations":92},{"code":"2B","hospitalisations":7},{"code":"30","hospitalisations":44},{"code":"31","hospitalisations":214},{"code":"32","hospitalisations":19},{"code":"33","hospitalisations":288},{"code":"34","hospitalisations":242},{"code":"35","hospitalisations":91},{"code":"36","hospitalisations":43},{"code":"37","hospitalisations":81},{"code":"38","hospitalisations":165},{"code":"39","hospitalisations":48},{"code":"40","hospitalisations":15},{"code":"41","hospitalisations":48},{"code":"42","hospitalisations":391},{"code":"43","hospitalisations":16},{"code":"44","hospitalisations":158},{"code":"45","hospitalisations":139},{"code":"46","hospitalisations":5},{"code":"47","hospitalisations":27},{"code":"48","hospitalisations":8},{"code":"49","hospitalisations":125},{"code":"50","hospitalisations":46},{"code":"51","hospitalisations":269},{"code":"52","hospitalisations":55},{"code":"53","hospitalisations":56},{"code":"54","hospitalisations":372},{"code":"55","hospitalisations":148},{"code":"56","hospitalisations":106},{"code":"57","hospitalisations":871},{"code":"58","hospitalisations":12},{"code":"59","hospitalisations":512},{"code":"60","hospitalisations":276},{"code":"61","hospitalisations":28},{"code":"62","hospitalisations":191},{"code":"63","hospitalisations":61},{"code":"64","hospitalisations":55},{"code":"65","hospitalisations":29},{"code":"66","hospitalisations":123},{"code":"67","hospitalisations":912},{"code":"68","hospitalisations":1027},{"code":"69","hospitalisations":985},{"code":"70","hospitalisations":63},{"code":"71","hospitalisations":187},{"code":"72","hospitalisations":98},{"code":"73","hospitalisations":85},{"code":"74","hospitalisations":242},{"code":"75","hospitalisations":2217},{"code":"76","hospitalisations":271},{"code":"77","hospitalisations":468},{"code":"78","hospitalisations":594},{"code":"79","hospitalisations":25},{"code":"80","hospitalisations":241},{"code":"81","hospitalisations":39},{"code":"82","hospitalisations":7},{"code":"83","hospitalisations":170},{"code":"84","hospitalisations":63},{"code":"85","hospitalisations":75},{"code":"86","hospitalisations":41},{"code":"87","hospitalisations":55},{"code":"88","hospitalisations":196},{"code":"89","hospitalisations":52},{"code":"90","hospitalisations":177},{"code":"91","hospitalisations":586},{"code":"92","hospitalisations":1286},{"code":"93","hospitalisations":863},{"code":"94","hospitalisations":1030},{"code":"95","hospitalisations":645},{"code":"971","hospitalisations":35},{"code":"972","hospitalisations":57},{"code":"973","hospitalisations":0},{"code":"974","hospitalisations":56},{"code":"976","hospitalisations":0}]