[{"code":"01","hospitalisations":105},{"code":"02","hospitalisations":186},{"code":"03","hospitalisations":36},{"code":"04","hospitalisations":25},{"code":"05","hospitalisations":59},{"code":"06","hospitalisations":182},{"code":"07","hospitalisations":83},{"code":"08","hospitalisations":66},{"code":"09","hospitalisations":17},{"code":"10","hospitalisations":104},{"code":"11","hospitalisations":101},{"code":"12","hospitalisations":52},{"code":"13","hospitalisations":946},{"code":"14","hospitalisations":126},{"code":"15","hospitalisations":21},{"code":"16","hospitalisations":19},{"code":"17","hospitalisations":66},{"code":"18","hospitalisations":38},{"code":"19","hospitalisations":38},{"code":"21","hospitalisations":202},{"code":"22","hospitalisations":59},{"code":"23","hospitalisations":11},{"code":"24","hospitalisations":15},{"code":"25","hospitalisations":186},{"code":"26","hospitalisations":229},{"code":"27","hospitalisations":54},{"code":"28","hospitalisations":146},{"code":"29","hospitalisations":66},{"code":"2A","hospitalisations":74},{"code":"2B","hospitalisations":12},{"code":"30","hospitalisations":74},{"code":"31","hospitalisations":214},{"code":"32","hospitalisations":27},{"code":"33","hospitalisations":298},{"code":"34","hospitalisations":245},{"code":"35","hospitalisations":128},{"code":"36","hospitalisations":49},{"code":"37","hospitalisations":138},{"code":"38","hospitalisations":199},{"code":"39","hospitalisations":55},{"code":"40","hospitalisations":17},{"code":"41","hospitalisations":73},{"code":"42","hospitalisations":435},{"code":"43","hospitalisations":17},{"code":"44","hospitalisations":204},{"code":"45","hospitalisations":196},{"code":"46","hospitalisations":13},{"code":"47","hospitalisations":30},{"code":"48","hospitalisations":9},{"code":"49","hospitalisations":144},{"code":"50","hospitalisations":57},{"code":"51","hospitalisations":365},{"code":"52","hospitalisations":66},{"code":"53","hospitalisations":60},{"code":"54","hospitalisations":465},{"code":"55","hospitalisations":153},{"code":"56","hospitalisations":138},{"code":"57","hospitalisations":1030},{"code":"58","hospitalisations":15},{"code":"59","hospitalisations":703},{"code":"60","hospitalisations":354},{"code":"61","hospitalisations":58},{"code":"62","hospitalisations":290},{"code":"63","hospitalisations":74},{"code":"64","hospitalisations":74},{"code":"65","hospitalisations":41},{"code":"66","hospitalisations":112},{"code":"67","hospitalisations":1037},{"code":"68","hospitalisations":1105},{"code":"69","hospitalisations":1138},{"code":"70","hospitalisations":77},{"code":"71","hospitalisations":169},{"code":"72","hospitalisations":106},{"code":"73","hospitalisations":115},{"code":"74","hospitalisations":254},{"code":"75","hospitalisations":2838},{"code":"76","hospitalisations":335},{"code":"77","hospitalisations":619},{"code":"78","hospitalisations":837},{"code":"79","hospitalisations":29},{"code":"80","hospitalisations":292},{"code":"81","hospitalisations":59},{"code":"82","hospitalisations":12},{"code":"83","hospitalisations":198},{"code":"84","hospitalisations":82},{"code":"85","hospitalisations":57},{"code":"86","hospitalisations":44},{"code":"87","hospitalisations":64},{"code":"88","hospitalisations":266},{"code":"89","hospitalisations":97},{"code":"90","hospitalisations":216},{"code":"91","hospitalisations":758},{"code":"92","hospitalisations":1748},{"code":"93","hospitalisations":1208},{"code":"94","hospitalisations":1474},{"code":"95","hospitalisations":791},{"code":"971","hospitalisations":37},{"code":"972","hospitalisations":57},{"code":"973","hospitalisations":5},{"code":"974","hospitalisations":54},{"code":"976","hospitalisations":9}]