[{"code":"01","hospitalisations":157},{"code":"02","hospitalisations":292},{"code":"03","hospitalisations":51},{"code":"04","hospitalisations":27},{"code":"05","hospitalisations":36},{"code":"06","hospitalisations":257},{"code":"07","hospitalisations":130},{"code":"08","hospitalisations":53},{"code":"09","hospitalisations":10},{"code":"10","hospitalisations":233},{"code":"11","hospitalisations":49},{"code":"12","hospitalisations":42},{"code":"13","hospitalisations":1003},{"code":"14","hospitalisations":150},{"code":"15","hospitalisations":29},{"code":"16","hospitalisations":8},{"code":"17","hospitalisations":71},{"code":"18","hospitalisations":90},{"code":"19","hospitalisations":78},{"code":"21","hospitalisations":288},{"code":"22","hospitalisations":51},{"code":"23","hospitalisations":30},{"code":"24","hospitalisations":31},{"code":"25","hospitalisations":178},{"code":"26","hospitalisations":139},{"code":"27","hospitalisations":111},{"code":"28","hospitalisations":220},{"code":"29","hospitalisations":68},{"code":"2A","hospitalisations":52},{"code":"2B","hospitalisations":10},{"code":"30","hospitalisations":128},{"code":"31","hospitalisations":141},{"code":"32","hospitalisations":40},{"code":"33","hospitalisations":254},{"code":"34","hospitalisations":126},{"code":"35","hospitalisations":150},{"code":"36","hospitalisations":116},{"code":"37","hospitalisations":159},{"code":"38","hospitalisations":210},{"code":"39","hospitalisations":97},{"code":"40","hospitalisations":25},{"code":"41","hospitalisations":128},{"code":"42","hospitalisations":408},{"code":"43","hospitalisations":35},{"code":"44","hospitalisations":242},{"code":"45","hospitalisations":245},{"code":"46","hospitalisations":18},{"code":"47","hospitalisations":33},{"code":"48","hospitalisations":2},{"code":"49","hospitalisations":182},{"code":"50","hospitalisations":51},{"code":"51","hospitalisations":334},{"code":"52","hospitalisations":78},{"code":"53","hospitalisations":86},{"code":"54","hospitalisations":441},{"code":"55","hospitalisations":124},{"code":"56","hospitalisations":124},{"code":"57","hospitalisations":877},{"code":"58","hospitalisations":50},{"code":"59","hospitalisations":903},{"code":"60","hospitalisations":443},{"code":"61","hospitalisations":67},{"code":"62","hospitalisations":442},{"code":"63","hospitalisations":47},{"code":"64","hospitalisations":63},{"code":"65","hospitalisations":72},{"code":"66","hospitalisations":19},{"code":"67","hospitalisations":902},{"code":"68","hospitalisations":898},{"code":"69","hospitalisations":1112},{"code":"70","hospitalisations":98},{"code":"71","hospitalisations":234},{"code":"72","hospitalisations":141},{"code":"73","hospitalisations":75},{"code":"74","hospitalisations":217},{"code":"75","hospitalisations":2448},{"code":"76","hospitalisations":221},{"code":"77","hospitalisations":675},{"code":"78","hospitalisations":858},{"code":"79","hospitalisations":29},{"code":"80","hospitalisations":302},{"code":"81","hospitalisations":42},{"code":"82","hospitalisations":14},{"code":"83","hospitalisations":265},{"code":"84","hospitalisations":78},{"code":"85","hospitalisations":50},{"code":"86","hospitalisations":49},{"code":"87","hospitalisations":45},{"code":"88","hospitalisations":230},{"code":"89","hospitalisations":108},{"code":"90","hospitalisations":146},{"code":"91","hospitalisations":1173},{"code":"92","hospitalisations":1854},{"code":"93","hospitalisations":1504},{"code":"94","hospitalisations":1890},{"code":"95","hospitalisations":947},{"code":"971","hospitalisations":22},{"code":"972","hospitalisations":32},{"code":"973","hospitalisations":1},{"code":"974","hospitalisations":6},{"code":"976","hospitalisations":37}]