[{"code":"01","hospitalisations":159},{"code":"02","hospitalisations":281},{"code":"03","hospitalisations":44},{"code":"04","hospitalisations":25},{"code":"05","hospitalisations":38},{"code":"06","hospitalisations":195},{"code":"07","hospitalisations":145},{"code":"08","hospitalisations":48},{"code":"09","hospitalisations":7},{"code":"10","hospitalisations":226},{"code":"11","hospitalisations":40},{"code":"12","hospitalisations":26},{"code":"13","hospitalisations":927},{"code":"14","hospitalisations":147},{"code":"15","hospitalisations":28},{"code":"16","hospitalisations":5},{"code":"17","hospitalisations":60},{"code":"18","hospitalisations":89},{"code":"19","hospitalisations":80},{"code":"21","hospitalisations":278},{"code":"22","hospitalisations":52},{"code":"23","hospitalisations":22},{"code":"24","hospitalisations":24},{"code":"25","hospitalisations":157},{"code":"26","hospitalisations":103},{"code":"27","hospitalisations":116},{"code":"28","hospitalisations":222},{"code":"29","hospitalisations":59},{"code":"2A","hospitalisations":48},{"code":"2B","hospitalisations":9},{"code":"30","hospitalisations":128},{"code":"31","hospitalisations":122},{"code":"32","hospitalisations":27},{"code":"33","hospitalisations":207},{"code":"34","hospitalisations":106},{"code":"35","hospitalisations":138},{"code":"36","hospitalisations":129},{"code":"37","hospitalisations":159},{"code":"38","hospitalisations":163},{"code":"39","hospitalisations":98},{"code":"40","hospitalisations":22},{"code":"41","hospitalisations":138},{"code":"42","hospitalisations":390},{"code":"43","hospitalisations":30},{"code":"44","hospitalisations":213},{"code":"45","hospitalisations":247},{"code":"46","hospitalisations":15},{"code":"47","hospitalisations":30},{"code":"48","hospitalisations":1},{"code":"49","hospitalisations":155},{"code":"50","hospitalisations":54},{"code":"51","hospitalisations":322},{"code":"52","hospitalisations":68},{"code":"53","hospitalisations":81},{"code":"54","hospitalisations":368},{"code":"55","hospitalisations":137},{"code":"56","hospitalisations":124},{"code":"57","hospitalisations":740},{"code":"58","hospitalisations":49},{"code":"59","hospitalisations":853},{"code":"60","hospitalisations":426},{"code":"61","hospitalisations":67},{"code":"62","hospitalisations":415},{"code":"63","hospitalisations":40},{"code":"64","hospitalisations":44},{"code":"65","hospitalisations":66},{"code":"66","hospitalisations":15},{"code":"67","hospitalisations":843},{"code":"68","hospitalisations":838},{"code":"69","hospitalisations":1099},{"code":"70","hospitalisations":101},{"code":"71","hospitalisations":229},{"code":"72","hospitalisations":129},{"code":"73","hospitalisations":68},{"code":"74","hospitalisations":205},{"code":"75","hospitalisations":2189},{"code":"76","hospitalisations":190},{"code":"77","hospitalisations":663},{"code":"78","hospitalisations":801},{"code":"79","hospitalisations":16},{"code":"80","hospitalisations":256},{"code":"81","hospitalisations":38},{"code":"82","hospitalisations":12},{"code":"83","hospitalisations":237},{"code":"84","hospitalisations":71},{"code":"85","hospitalisations":46},{"code":"86","hospitalisations":45},{"code":"87","hospitalisations":37},{"code":"88","hospitalisations":227},{"code":"89","hospitalisations":100},{"code":"90","hospitalisations":127},{"code":"91","hospitalisations":1173},{"code":"92","hospitalisations":1732},{"code":"93","hospitalisations":1430},{"code":"94","hospitalisations":1840},{"code":"95","hospitalisations":887},{"code":"971","hospitalisations":16},{"code":"972","hospitalisations":21},{"code":"973","hospitalisations":2},{"code":"974","hospitalisations":5},{"code":"976","hospitalisations":31}]