[{"code":"01","hospitalisations":169},{"code":"02","hospitalisations":295},{"code":"03","hospitalisations":56},{"code":"04","hospitalisations":41},{"code":"05","hospitalisations":41},{"code":"06","hospitalisations":269},{"code":"07","hospitalisations":104},{"code":"08","hospitalisations":65},{"code":"09","hospitalisations":12},{"code":"10","hospitalisations":248},{"code":"11","hospitalisations":69},{"code":"12","hospitalisations":65},{"code":"13","hospitalisations":1056},{"code":"14","hospitalisations":145},{"code":"15","hospitalisations":30},{"code":"16","hospitalisations":12},{"code":"17","hospitalisations":83},{"code":"18","hospitalisations":91},{"code":"19","hospitalisations":72},{"code":"21","hospitalisations":366},{"code":"22","hospitalisations":58},{"code":"23","hospitalisations":29},{"code":"24","hospitalisations":56},{"code":"25","hospitalisations":196},{"code":"26","hospitalisations":163},{"code":"27","hospitalisations":102},{"code":"28","hospitalisations":240},{"code":"29","hospitalisations":86},{"code":"2A","hospitalisations":60},{"code":"2B","hospitalisations":7},{"code":"30","hospitalisations":147},{"code":"31","hospitalisations":190},{"code":"32","hospitalisations":50},{"code":"33","hospitalisations":286},{"code":"34","hospitalisations":152},{"code":"35","hospitalisations":172},{"code":"36","hospitalisations":111},{"code":"37","hospitalisations":168},{"code":"38","hospitalisations":223},{"code":"39","hospitalisations":122},{"code":"40","hospitalisations":29},{"code":"41","hospitalisations":111},{"code":"42","hospitalisations":463},{"code":"43","hospitalisations":37},{"code":"44","hospitalisations":278},{"code":"45","hospitalisations":249},{"code":"46","hospitalisations":26},{"code":"47","hospitalisations":35},{"code":"48","hospitalisations":5},{"code":"49","hospitalisations":193},{"code":"50","hospitalisations":74},{"code":"51","hospitalisations":342},{"code":"52","hospitalisations":80},{"code":"53","hospitalisations":90},{"code":"54","hospitalisations":439},{"code":"55","hospitalisations":145},{"code":"56","hospitalisations":120},{"code":"57","hospitalisations":988},{"code":"58","hospitalisations":58},{"code":"59","hospitalisations":932},{"code":"60","hospitalisations":487},{"code":"61","hospitalisations":63},{"code":"62","hospitalisations":473},{"code":"63","hospitalisations":66},{"code":"64","hospitalisations":79},{"code":"65","hospitalisations":77},{"code":"66","hospitalisations":29},{"code":"67","hospitalisations":1026},{"code":"68","hospitalisations":971},{"code":"69","hospitalisations":1213},{"code":"70","hospitalisations":91},{"code":"71","hospitalisations":207},{"code":"72","hospitalisations":134},{"code":"73","hospitalisations":86},{"code":"74","hospitalisations":262},{"code":"75","hospitalisations":2856},{"code":"76","hospitalisations":266},{"code":"77","hospitalisations":727},{"code":"78","hospitalisations":890},{"code":"79","hospitalisations":31},{"code":"80","hospitalisations":330},{"code":"81","hospitalisations":39},{"code":"82","hospitalisations":16},{"code":"83","hospitalisations":307},{"code":"84","hospitalisations":67},{"code":"85","hospitalisations":65},{"code":"86","hospitalisations":59},{"code":"87","hospitalisations":52},{"code":"88","hospitalisations":241},{"code":"89","hospitalisations":104},{"code":"90","hospitalisations":175},{"code":"91","hospitalisations":1185},{"code":"92","hospitalisations":1923},{"code":"93","hospitalisations":1560},{"code":"94","hospitalisations":2214},{"code":"95","hospitalisations":914},{"code":"971","hospitalisations":24},{"code":"972","hospitalisations":36},{"code":"973","hospitalisations":3},{"code":"974","hospitalisations":14},{"code":"976","hospitalisations":21}]