[{"code":"01","hospitalisations":92},{"code":"02","hospitalisations":164},{"code":"03","hospitalisations":38},{"code":"04","hospitalisations":22},{"code":"05","hospitalisations":52},{"code":"06","hospitalisations":149},{"code":"07","hospitalisations":85},{"code":"08","hospitalisations":54},{"code":"09","hospitalisations":16},{"code":"10","hospitalisations":86},{"code":"11","hospitalisations":80},{"code":"12","hospitalisations":46},{"code":"13","hospitalisations":887},{"code":"14","hospitalisations":111},{"code":"15","hospitalisations":12},{"code":"16","hospitalisations":17},{"code":"17","hospitalisations":65},{"code":"18","hospitalisations":40},{"code":"19","hospitalisations":39},{"code":"21","hospitalisations":190},{"code":"22","hospitalisations":47},{"code":"23","hospitalisations":11},{"code":"24","hospitalisations":13},{"code":"25","hospitalisations":161},{"code":"26","hospitalisations":240},{"code":"27","hospitalisations":43},{"code":"28","hospitalisations":121},{"code":"29","hospitalisations":56},{"code":"2A","hospitalisations":88},{"code":"2B","hospitalisations":8},{"code":"30","hospitalisations":74},{"code":"31","hospitalisations":216},{"code":"32","hospitalisations":25},{"code":"33","hospitalisations":296},{"code":"34","hospitalisations":238},{"code":"35","hospitalisations":106},{"code":"36","hospitalisations":51},{"code":"37","hospitalisations":113},{"code":"38","hospitalisations":186},{"code":"39","hospitalisations":55},{"code":"40","hospitalisations":16},{"code":"41","hospitalisations":58},{"code":"42","hospitalisations":414},{"code":"43","hospitalisations":17},{"code":"44","hospitalisations":188},{"code":"45","hospitalisations":179},{"code":"46","hospitalisations":8},{"code":"47","hospitalisations":29},{"code":"48","hospitalisations":9},{"code":"49","hospitalisations":150},{"code":"50","hospitalisations":54},{"code":"51","hospitalisations":329},{"code":"52","hospitalisations":66},{"code":"53","hospitalisations":56},{"code":"54","hospitalisations":411},{"code":"55","hospitalisations":162},{"code":"56","hospitalisations":133},{"code":"57","hospitalisations":1021},{"code":"58","hospitalisations":12},{"code":"59","hospitalisations":613},{"code":"60","hospitalisations":293},{"code":"61","hospitalisations":49},{"code":"62","hospitalisations":275},{"code":"63","hospitalisations":77},{"code":"64","hospitalisations":73},{"code":"65","hospitalisations":39},{"code":"66","hospitalisations":111},{"code":"67","hospitalisations":1005},{"code":"68","hospitalisations":1083},{"code":"69","hospitalisations":1114},{"code":"70","hospitalisations":68},{"code":"71","hospitalisations":173},{"code":"72","hospitalisations":99},{"code":"73","hospitalisations":110},{"code":"74","hospitalisations":250},{"code":"75","hospitalisations":2633},{"code":"76","hospitalisations":306},{"code":"77","hospitalisations":565},{"code":"78","hospitalisations":815},{"code":"79","hospitalisations":33},{"code":"80","hospitalisations":270},{"code":"81","hospitalisations":53},{"code":"82","hospitalisations":11},{"code":"83","hospitalisations":177},{"code":"84","hospitalisations":70},{"code":"85","hospitalisations":56},{"code":"86","hospitalisations":47},{"code":"87","hospitalisations":61},{"code":"88","hospitalisations":253},{"code":"89","hospitalisations":85},{"code":"90","hospitalisations":219},{"code":"91","hospitalisations":687},{"code":"92","hospitalisations":1638},{"code":"93","hospitalisations":1173},{"code":"94","hospitalisations":1368},{"code":"95","hospitalisations":730},{"code":"971","hospitalisations":35},{"code":"972","hospitalisations":63},{"code":"973","hospitalisations":5},{"code":"974","hospitalisations":53},{"code":"976","hospitalisations":0}]