[{"code":"01","hospitalisations":165},{"code":"02","hospitalisations":295},{"code":"03","hospitalisations":55},{"code":"04","hospitalisations":29},{"code":"05","hospitalisations":41},{"code":"06","hospitalisations":258},{"code":"07","hospitalisations":101},{"code":"08","hospitalisations":53},{"code":"09","hospitalisations":11},{"code":"10","hospitalisations":229},{"code":"11","hospitalisations":55},{"code":"12","hospitalisations":45},{"code":"13","hospitalisations":997},{"code":"14","hospitalisations":149},{"code":"15","hospitalisations":21},{"code":"16","hospitalisations":9},{"code":"17","hospitalisations":69},{"code":"18","hospitalisations":90},{"code":"19","hospitalisations":75},{"code":"21","hospitalisations":285},{"code":"22","hospitalisations":51},{"code":"23","hospitalisations":29},{"code":"24","hospitalisations":33},{"code":"25","hospitalisations":179},{"code":"26","hospitalisations":144},{"code":"27","hospitalisations":115},{"code":"28","hospitalisations":229},{"code":"29","hospitalisations":75},{"code":"2A","hospitalisations":54},{"code":"2B","hospitalisations":10},{"code":"30","hospitalisations":127},{"code":"31","hospitalisations":150},{"code":"32","hospitalisations":42},{"code":"33","hospitalisations":248},{"code":"34","hospitalisations":124},{"code":"35","hospitalisations":157},{"code":"36","hospitalisations":118},{"code":"37","hospitalisations":165},{"code":"38","hospitalisations":213},{"code":"39","hospitalisations":104},{"code":"40","hospitalisations":26},{"code":"41","hospitalisations":126},{"code":"42","hospitalisations":414},{"code":"43","hospitalisations":39},{"code":"44","hospitalisations":253},{"code":"45","hospitalisations":245},{"code":"46","hospitalisations":23},{"code":"47","hospitalisations":32},{"code":"48","hospitalisations":2},{"code":"49","hospitalisations":174},{"code":"50","hospitalisations":52},{"code":"51","hospitalisations":334},{"code":"52","hospitalisations":79},{"code":"53","hospitalisations":85},{"code":"54","hospitalisations":452},{"code":"55","hospitalisations":131},{"code":"56","hospitalisations":125},{"code":"57","hospitalisations":890},{"code":"58","hospitalisations":51},{"code":"59","hospitalisations":898},{"code":"60","hospitalisations":463},{"code":"61","hospitalisations":66},{"code":"62","hospitalisations":436},{"code":"63","hospitalisations":48},{"code":"64","hospitalisations":64},{"code":"65","hospitalisations":76},{"code":"66","hospitalisations":23},{"code":"67","hospitalisations":910},{"code":"68","hospitalisations":936},{"code":"69","hospitalisations":1189},{"code":"70","hospitalisations":113},{"code":"71","hospitalisations":224},{"code":"72","hospitalisations":150},{"code":"73","hospitalisations":83},{"code":"74","hospitalisations":222},{"code":"75","hospitalisations":2554},{"code":"76","hospitalisations":226},{"code":"77","hospitalisations":689},{"code":"78","hospitalisations":835},{"code":"79","hospitalisations":30},{"code":"80","hospitalisations":303},{"code":"81","hospitalisations":38},{"code":"82","hospitalisations":12},{"code":"83","hospitalisations":289},{"code":"84","hospitalisations":79},{"code":"85","hospitalisations":49},{"code":"86","hospitalisations":47},{"code":"87","hospitalisations":48},{"code":"88","hospitalisations":232},{"code":"89","hospitalisations":113},{"code":"90","hospitalisations":149},{"code":"91","hospitalisations":1198},{"code":"92","hospitalisations":1890},{"code":"93","hospitalisations":1491},{"code":"94","hospitalisations":1971},{"code":"95","hospitalisations":942},{"code":"971","hospitalisations":23},{"code":"972","hospitalisations":32},{"code":"973","hospitalisations":1},{"code":"974","hospitalisations":6},{"code":"976","hospitalisations":34}]