[{"code":"01","hospitalisations":119},{"code":"02","hospitalisations":255},{"code":"03","hospitalisations":52},{"code":"04","hospitalisations":29},{"code":"05","hospitalisations":64},{"code":"06","hospitalisations":252},{"code":"07","hospitalisations":106},{"code":"08","hospitalisations":80},{"code":"09","hospitalisations":19},{"code":"10","hospitalisations":157},{"code":"11","hospitalisations":81},{"code":"12","hospitalisations":55},{"code":"13","hospitalisations":1074},{"code":"14","hospitalisations":151},{"code":"15","hospitalisations":26},{"code":"16","hospitalisations":12},{"code":"17","hospitalisations":89},{"code":"18","hospitalisations":54},{"code":"19","hospitalisations":41},{"code":"21","hospitalisations":307},{"code":"22","hospitalisations":69},{"code":"23","hospitalisations":13},{"code":"24","hospitalisations":26},{"code":"25","hospitalisations":196},{"code":"26","hospitalisations":244},{"code":"27","hospitalisations":66},{"code":"28","hospitalisations":171},{"code":"29","hospitalisations":94},{"code":"2A","hospitalisations":79},{"code":"2B","hospitalisations":15},{"code":"30","hospitalisations":110},{"code":"31","hospitalisations":230},{"code":"32","hospitalisations":26},{"code":"33","hospitalisations":315},{"code":"34","hospitalisations":254},{"code":"35","hospitalisations":154},{"code":"36","hospitalisations":63},{"code":"37","hospitalisations":181},{"code":"38","hospitalisations":248},{"code":"39","hospitalisations":90},{"code":"40","hospitalisations":26},{"code":"41","hospitalisations":86},{"code":"42","hospitalisations":478},{"code":"43","hospitalisations":27},{"code":"44","hospitalisations":264},{"code":"45","hospitalisations":248},{"code":"46","hospitalisations":19},{"code":"47","hospitalisations":30},{"code":"48","hospitalisations":6},{"code":"49","hospitalisations":174},{"code":"50","hospitalisations":66},{"code":"51","hospitalisations":391},{"code":"52","hospitalisations":115},{"code":"53","hospitalisations":71},{"code":"54","hospitalisations":496},{"code":"55","hospitalisations":168},{"code":"56","hospitalisations":144},{"code":"57","hospitalisations":1020},{"code":"58","hospitalisations":34},{"code":"59","hospitalisations":891},{"code":"60","hospitalisations":408},{"code":"61","hospitalisations":68},{"code":"62","hospitalisations":431},{"code":"63","hospitalisations":77},{"code":"64","hospitalisations":81},{"code":"65","hospitalisations":57},{"code":"66","hospitalisations":98},{"code":"67","hospitalisations":1083},{"code":"68","hospitalisations":1056},{"code":"69","hospitalisations":1174},{"code":"70","hospitalisations":84},{"code":"71","hospitalisations":191},{"code":"72","hospitalisations":113},{"code":"73","hospitalisations":123},{"code":"74","hospitalisations":285},{"code":"75","hospitalisations":3169},{"code":"76","hospitalisations":362},{"code":"77","hospitalisations":740},{"code":"78","hospitalisations":992},{"code":"79","hospitalisations":32},{"code":"80","hospitalisations":351},{"code":"81","hospitalisations":58},{"code":"82","hospitalisations":18},{"code":"83","hospitalisations":233},{"code":"84","hospitalisations":86},{"code":"85","hospitalisations":72},{"code":"86","hospitalisations":59},{"code":"87","hospitalisations":68},{"code":"88","hospitalisations":253},{"code":"89","hospitalisations":94},{"code":"90","hospitalisations":216},{"code":"91","hospitalisations":958},{"code":"92","hospitalisations":1932},{"code":"93","hospitalisations":1461},{"code":"94","hospitalisations":1956},{"code":"95","hospitalisations":866},{"code":"971","hospitalisations":34},{"code":"972","hospitalisations":51},{"code":"973","hospitalisations":7},{"code":"974","hospitalisations":37},{"code":"976","hospitalisations":16}]