[{"code":"01","hospitalisations":172},{"code":"02","hospitalisations":275},{"code":"03","hospitalisations":57},{"code":"04","hospitalisations":38},{"code":"05","hospitalisations":38},{"code":"06","hospitalisations":279},{"code":"07","hospitalisations":111},{"code":"08","hospitalisations":67},{"code":"09","hospitalisations":13},{"code":"10","hospitalisations":268},{"code":"11","hospitalisations":70},{"code":"12","hospitalisations":64},{"code":"13","hospitalisations":1048},{"code":"14","hospitalisations":145},{"code":"15","hospitalisations":27},{"code":"16","hospitalisations":13},{"code":"17","hospitalisations":84},{"code":"18","hospitalisations":83},{"code":"19","hospitalisations":66},{"code":"21","hospitalisations":367},{"code":"22","hospitalisations":65},{"code":"23","hospitalisations":32},{"code":"24","hospitalisations":54},{"code":"25","hospitalisations":190},{"code":"26","hospitalisations":174},{"code":"27","hospitalisations":96},{"code":"28","hospitalisations":257},{"code":"29","hospitalisations":101},{"code":"2A","hospitalisations":64},{"code":"2B","hospitalisations":11},{"code":"30","hospitalisations":118},{"code":"31","hospitalisations":195},{"code":"32","hospitalisations":45},{"code":"33","hospitalisations":293},{"code":"34","hospitalisations":174},{"code":"35","hospitalisations":177},{"code":"36","hospitalisations":98},{"code":"37","hospitalisations":168},{"code":"38","hospitalisations":245},{"code":"39","hospitalisations":136},{"code":"40","hospitalisations":30},{"code":"41","hospitalisations":109},{"code":"42","hospitalisations":479},{"code":"43","hospitalisations":36},{"code":"44","hospitalisations":285},{"code":"45","hospitalisations":255},{"code":"46","hospitalisations":23},{"code":"47","hospitalisations":33},{"code":"48","hospitalisations":5},{"code":"49","hospitalisations":202},{"code":"50","hospitalisations":77},{"code":"51","hospitalisations":352},{"code":"52","hospitalisations":86},{"code":"53","hospitalisations":91},{"code":"54","hospitalisations":441},{"code":"55","hospitalisations":155},{"code":"56","hospitalisations":118},{"code":"57","hospitalisations":1006},{"code":"58","hospitalisations":59},{"code":"59","hospitalisations":927},{"code":"60","hospitalisations":508},{"code":"61","hospitalisations":70},{"code":"62","hospitalisations":473},{"code":"63","hospitalisations":67},{"code":"64","hospitalisations":78},{"code":"65","hospitalisations":77},{"code":"66","hospitalisations":33},{"code":"67","hospitalisations":1008},{"code":"68","hospitalisations":957},{"code":"69","hospitalisations":1243},{"code":"70","hospitalisations":96},{"code":"71","hospitalisations":202},{"code":"72","hospitalisations":141},{"code":"73","hospitalisations":90},{"code":"74","hospitalisations":282},{"code":"75","hospitalisations":2939},{"code":"76","hospitalisations":278},{"code":"77","hospitalisations":774},{"code":"78","hospitalisations":894},{"code":"79","hospitalisations":34},{"code":"80","hospitalisations":356},{"code":"81","hospitalisations":45},{"code":"82","hospitalisations":15},{"code":"83","hospitalisations":307},{"code":"84","hospitalisations":66},{"code":"85","hospitalisations":68},{"code":"86","hospitalisations":51},{"code":"87","hospitalisations":57},{"code":"88","hospitalisations":268},{"code":"89","hospitalisations":94},{"code":"90","hospitalisations":183},{"code":"91","hospitalisations":1194},{"code":"92","hospitalisations":1982},{"code":"93","hospitalisations":1568},{"code":"94","hospitalisations":2213},{"code":"95","hospitalisations":910},{"code":"971","hospitalisations":34},{"code":"972","hospitalisations":37},{"code":"973","hospitalisations":5},{"code":"974","hospitalisations":17},{"code":"976","hospitalisations":25}]