[{"code":"01","hospitalisations":33},{"code":"02","hospitalisations":124},{"code":"03","hospitalisations":15},{"code":"04","hospitalisations":9},{"code":"05","hospitalisations":29},{"code":"06","hospitalisations":85},{"code":"07","hospitalisations":52},{"code":"08","hospitalisations":13},{"code":"09","hospitalisations":7},{"code":"10","hospitalisations":58},{"code":"11","hospitalisations":38},{"code":"12","hospitalisations":22},{"code":"13","hospitalisations":434},{"code":"14","hospitalisations":51},{"code":"15","hospitalisations":6},{"code":"16","hospitalisations":19},{"code":"17","hospitalisations":36},{"code":"18","hospitalisations":9},{"code":"19","hospitalisations":16},{"code":"21","hospitalisations":163},{"code":"22","hospitalisations":22},{"code":"23","hospitalisations":4},{"code":"24","hospitalisations":33},{"code":"25","hospitalisations":84},{"code":"26","hospitalisations":116},{"code":"27","hospitalisations":35},{"code":"28","hospitalisations":58},{"code":"29","hospitalisations":41},{"code":"2A","hospitalisations":88},{"code":"2B","hospitalisations":7},{"code":"30","hospitalisations":17},{"code":"31","hospitalisations":140},{"code":"32","hospitalisations":10},{"code":"33","hospitalisations":166},{"code":"34","hospitalisations":152},{"code":"35","hospitalisations":50},{"code":"36","hospitalisations":23},{"code":"37","hospitalisations":33},{"code":"38","hospitalisations":88},{"code":"39","hospitalisations":45},{"code":"40","hospitalisations":8},{"code":"41","hospitalisations":16},{"code":"42","hospitalisations":247},{"code":"43","hospitalisations":13},{"code":"44","hospitalisations":91},{"code":"45","hospitalisations":59},{"code":"46","hospitalisations":3},{"code":"47","hospitalisations":16},{"code":"48","hospitalisations":7},{"code":"49","hospitalisations":79},{"code":"50","hospitalisations":22},{"code":"51","hospitalisations":199},{"code":"52","hospitalisations":36},{"code":"53","hospitalisations":27},{"code":"54","hospitalisations":209},{"code":"55","hospitalisations":116},{"code":"56","hospitalisations":89},{"code":"57","hospitalisations":642},{"code":"58","hospitalisations":4},{"code":"59","hospitalisations":283},{"code":"60","hospitalisations":224},{"code":"61","hospitalisations":14},{"code":"62","hospitalisations":119},{"code":"63","hospitalisations":21},{"code":"64","hospitalisations":39},{"code":"65","hospitalisations":15},{"code":"66","hospitalisations":113},{"code":"67","hospitalisations":727},{"code":"68","hospitalisations":878},{"code":"69","hospitalisations":644},{"code":"70","hospitalisations":62},{"code":"71","hospitalisations":149},{"code":"72","hospitalisations":39},{"code":"73","hospitalisations":52},{"code":"74","hospitalisations":135},{"code":"75","hospitalisations":1493},{"code":"76","hospitalisations":151},{"code":"77","hospitalisations":271},{"code":"78","hospitalisations":414},{"code":"79","hospitalisations":15},{"code":"80","hospitalisations":169},{"code":"81","hospitalisations":24},{"code":"82","hospitalisations":3},{"code":"83","hospitalisations":103},{"code":"84","hospitalisations":35},{"code":"85","hospitalisations":46},{"code":"86","hospitalisations":24},{"code":"87","hospitalisations":23},{"code":"88","hospitalisations":101},{"code":"89","hospitalisations":35},{"code":"90","hospitalisations":137},{"code":"91","hospitalisations":416},{"code":"92","hospitalisations":851},{"code":"93","hospitalisations":547},{"code":"94","hospitalisations":651},{"code":"95","hospitalisations":489},{"code":"971","hospitalisations":21},{"code":"972","hospitalisations":29},{"code":"973","hospitalisations":0},{"code":"974","hospitalisations":3},{"code":"976","hospitalisations":0}]