[{"code":"01","hospitalisations":167},{"code":"02","hospitalisations":279},{"code":"03","hospitalisations":55},{"code":"04","hospitalisations":31},{"code":"05","hospitalisations":41},{"code":"06","hospitalisations":276},{"code":"07","hospitalisations":102},{"code":"08","hospitalisations":59},{"code":"09","hospitalisations":12},{"code":"10","hospitalisations":253},{"code":"11","hospitalisations":67},{"code":"12","hospitalisations":62},{"code":"13","hospitalisations":1059},{"code":"14","hospitalisations":142},{"code":"15","hospitalisations":28},{"code":"16","hospitalisations":10},{"code":"17","hospitalisations":80},{"code":"18","hospitalisations":84},{"code":"19","hospitalisations":72},{"code":"21","hospitalisations":361},{"code":"22","hospitalisations":58},{"code":"23","hospitalisations":27},{"code":"24","hospitalisations":54},{"code":"25","hospitalisations":198},{"code":"26","hospitalisations":151},{"code":"27","hospitalisations":101},{"code":"28","hospitalisations":242},{"code":"29","hospitalisations":82},{"code":"2A","hospitalisations":58},{"code":"2B","hospitalisations":11},{"code":"30","hospitalisations":151},{"code":"31","hospitalisations":179},{"code":"32","hospitalisations":52},{"code":"33","hospitalisations":279},{"code":"34","hospitalisations":146},{"code":"35","hospitalisations":171},{"code":"36","hospitalisations":111},{"code":"37","hospitalisations":168},{"code":"38","hospitalisations":225},{"code":"39","hospitalisations":115},{"code":"40","hospitalisations":28},{"code":"41","hospitalisations":113},{"code":"42","hospitalisations":445},{"code":"43","hospitalisations":38},{"code":"44","hospitalisations":267},{"code":"45","hospitalisations":255},{"code":"46","hospitalisations":26},{"code":"47","hospitalisations":36},{"code":"48","hospitalisations":4},{"code":"49","hospitalisations":188},{"code":"50","hospitalisations":61},{"code":"51","hospitalisations":340},{"code":"52","hospitalisations":79},{"code":"53","hospitalisations":92},{"code":"54","hospitalisations":435},{"code":"55","hospitalisations":145},{"code":"56","hospitalisations":119},{"code":"57","hospitalisations":994},{"code":"58","hospitalisations":55},{"code":"59","hospitalisations":932},{"code":"60","hospitalisations":461},{"code":"61","hospitalisations":62},{"code":"62","hospitalisations":459},{"code":"63","hospitalisations":59},{"code":"64","hospitalisations":77},{"code":"65","hospitalisations":76},{"code":"66","hospitalisations":26},{"code":"67","hospitalisations":992},{"code":"68","hospitalisations":946},{"code":"69","hospitalisations":1204},{"code":"70","hospitalisations":91},{"code":"71","hospitalisations":227},{"code":"72","hospitalisations":139},{"code":"73","hospitalisations":83},{"code":"74","hospitalisations":259},{"code":"75","hospitalisations":2784},{"code":"76","hospitalisations":259},{"code":"77","hospitalisations":718},{"code":"78","hospitalisations":892},{"code":"79","hospitalisations":29},{"code":"80","hospitalisations":329},{"code":"81","hospitalisations":40},{"code":"82","hospitalisations":16},{"code":"83","hospitalisations":325},{"code":"84","hospitalisations":67},{"code":"85","hospitalisations":61},{"code":"86","hospitalisations":55},{"code":"87","hospitalisations":53},{"code":"88","hospitalisations":244},{"code":"89","hospitalisations":119},{"code":"90","hospitalisations":168},{"code":"91","hospitalisations":1185},{"code":"92","hospitalisations":1917},{"code":"93","hospitalisations":1582},{"code":"94","hospitalisations":2098},{"code":"95","hospitalisations":958},{"code":"971","hospitalisations":25},{"code":"972","hospitalisations":34},{"code":"973","hospitalisations":2},{"code":"974","hospitalisations":12},{"code":"976","hospitalisations":23}]