[{"code":"01","hospitalisations":134},{"code":"02","hospitalisations":191},{"code":"03","hospitalisations":18},{"code":"04","hospitalisations":20},{"code":"05","hospitalisations":29},{"code":"06","hospitalisations":164},{"code":"07","hospitalisations":97},{"code":"08","hospitalisations":51},{"code":"09","hospitalisations":3},{"code":"10","hospitalisations":108},{"code":"11","hospitalisations":24},{"code":"12","hospitalisations":16},{"code":"13","hospitalisations":712},{"code":"14","hospitalisations":127},{"code":"15","hospitalisations":20},{"code":"16","hospitalisations":7},{"code":"17","hospitalisations":40},{"code":"18","hospitalisations":60},{"code":"19","hospitalisations":58},{"code":"21","hospitalisations":121},{"code":"22","hospitalisations":55},{"code":"23","hospitalisations":17},{"code":"24","hospitalisations":18},{"code":"25","hospitalisations":108},{"code":"26","hospitalisations":72},{"code":"27","hospitalisations":94},{"code":"28","hospitalisations":177},{"code":"29","hospitalisations":38},{"code":"2A","hospitalisations":36},{"code":"2B","hospitalisations":6},{"code":"30","hospitalisations":84},{"code":"31","hospitalisations":81},{"code":"32","hospitalisations":14},{"code":"33","hospitalisations":168},{"code":"34","hospitalisations":43},{"code":"35","hospitalisations":82},{"code":"36","hospitalisations":100},{"code":"37","hospitalisations":126},{"code":"38","hospitalisations":128},{"code":"39","hospitalisations":64},{"code":"40","hospitalisations":12},{"code":"41","hospitalisations":129},{"code":"42","hospitalisations":282},{"code":"43","hospitalisations":19},{"code":"44","hospitalisations":147},{"code":"45","hospitalisations":163},{"code":"46","hospitalisations":10},{"code":"47","hospitalisations":23},{"code":"48","hospitalisations":1},{"code":"49","hospitalisations":144},{"code":"50","hospitalisations":47},{"code":"51","hospitalisations":187},{"code":"52","hospitalisations":84},{"code":"53","hospitalisations":39},{"code":"54","hospitalisations":220},{"code":"55","hospitalisations":157},{"code":"56","hospitalisations":89},{"code":"57","hospitalisations":574},{"code":"58","hospitalisations":38},{"code":"59","hospitalisations":686},{"code":"60","hospitalisations":374},{"code":"61","hospitalisations":51},{"code":"62","hospitalisations":320},{"code":"63","hospitalisations":25},{"code":"64","hospitalisations":32},{"code":"65","hospitalisations":39},{"code":"66","hospitalisations":5},{"code":"67","hospitalisations":666},{"code":"68","hospitalisations":695},{"code":"69","hospitalisations":772},{"code":"70","hospitalisations":78},{"code":"71","hospitalisations":181},{"code":"72","hospitalisations":119},{"code":"73","hospitalisations":49},{"code":"74","hospitalisations":153},{"code":"75","hospitalisations":1548},{"code":"76","hospitalisations":145},{"code":"77","hospitalisations":519},{"code":"78","hospitalisations":626},{"code":"79","hospitalisations":11},{"code":"80","hospitalisations":196},{"code":"81","hospitalisations":23},{"code":"82","hospitalisations":6},{"code":"83","hospitalisations":164},{"code":"84","hospitalisations":31},{"code":"85","hospitalisations":48},{"code":"86","hospitalisations":17},{"code":"87","hospitalisations":30},{"code":"88","hospitalisations":92},{"code":"89","hospitalisations":109},{"code":"90","hospitalisations":112},{"code":"91","hospitalisations":884},{"code":"92","hospitalisations":1371},{"code":"93","hospitalisations":1144},{"code":"94","hospitalisations":1369},{"code":"95","hospitalisations":703},{"code":"971","hospitalisations":14},{"code":"972","hospitalisations":19},{"code":"973","hospitalisations":8},{"code":"974","hospitalisations":12},{"code":"976","hospitalisations":50}]