[{"code":"01","hospitalisations":132},{"code":"02","hospitalisations":243},{"code":"03","hospitalisations":35},{"code":"04","hospitalisations":17},{"code":"05","hospitalisations":35},{"code":"06","hospitalisations":211},{"code":"07","hospitalisations":134},{"code":"08","hospitalisations":53},{"code":"09","hospitalisations":3},{"code":"10","hospitalisations":117},{"code":"11","hospitalisations":20},{"code":"12","hospitalisations":23},{"code":"13","hospitalisations":785},{"code":"14","hospitalisations":149},{"code":"15","hospitalisations":20},{"code":"16","hospitalisations":3},{"code":"17","hospitalisations":49},{"code":"18","hospitalisations":76},{"code":"19","hospitalisations":66},{"code":"21","hospitalisations":226},{"code":"22","hospitalisations":52},{"code":"23","hospitalisations":20},{"code":"24","hospitalisations":25},{"code":"25","hospitalisations":122},{"code":"26","hospitalisations":82},{"code":"27","hospitalisations":104},{"code":"28","hospitalisations":211},{"code":"29","hospitalisations":55},{"code":"2A","hospitalisations":46},{"code":"2B","hospitalisations":5},{"code":"30","hospitalisations":96},{"code":"31","hospitalisations":108},{"code":"32","hospitalisations":20},{"code":"33","hospitalisations":184},{"code":"34","hospitalisations":66},{"code":"35","hospitalisations":112},{"code":"36","hospitalisations":107},{"code":"37","hospitalisations":145},{"code":"38","hospitalisations":151},{"code":"39","hospitalisations":74},{"code":"40","hospitalisations":17},{"code":"41","hospitalisations":134},{"code":"42","hospitalisations":343},{"code":"43","hospitalisations":24},{"code":"44","hospitalisations":187},{"code":"45","hospitalisations":197},{"code":"46","hospitalisations":13},{"code":"47","hospitalisations":22},{"code":"48","hospitalisations":0},{"code":"49","hospitalisations":142},{"code":"50","hospitalisations":54},{"code":"51","hospitalisations":310},{"code":"52","hospitalisations":94},{"code":"53","hospitalisations":69},{"code":"54","hospitalisations":292},{"code":"55","hospitalisations":146},{"code":"56","hospitalisations":108},{"code":"57","hospitalisations":649},{"code":"58","hospitalisations":42},{"code":"59","hospitalisations":756},{"code":"60","hospitalisations":383},{"code":"61","hospitalisations":62},{"code":"62","hospitalisations":369},{"code":"63","hospitalisations":27},{"code":"64","hospitalisations":36},{"code":"65","hospitalisations":45},{"code":"66","hospitalisations":9},{"code":"67","hospitalisations":761},{"code":"68","hospitalisations":760},{"code":"69","hospitalisations":936},{"code":"70","hospitalisations":79},{"code":"71","hospitalisations":208},{"code":"72","hospitalisations":127},{"code":"73","hospitalisations":54},{"code":"74","hospitalisations":184},{"code":"75","hospitalisations":1799},{"code":"76","hospitalisations":160},{"code":"77","hospitalisations":569},{"code":"78","hospitalisations":737},{"code":"79","hospitalisations":12},{"code":"80","hospitalisations":232},{"code":"81","hospitalisations":27},{"code":"82","hospitalisations":8},{"code":"83","hospitalisations":222},{"code":"84","hospitalisations":51},{"code":"85","hospitalisations":43},{"code":"86","hospitalisations":28},{"code":"87","hospitalisations":37},{"code":"88","hospitalisations":153},{"code":"89","hospitalisations":109},{"code":"90","hospitalisations":142},{"code":"91","hospitalisations":970},{"code":"92","hospitalisations":1549},{"code":"93","hospitalisations":1356},{"code":"94","hospitalisations":1600},{"code":"95","hospitalisations":818},{"code":"971","hospitalisations":14},{"code":"972","hospitalisations":18},{"code":"973","hospitalisations":6},{"code":"974","hospitalisations":10},{"code":"976","hospitalisations":56}]