[{"code":"01","hospitalisations":148},{"code":"02","hospitalisations":270},{"code":"03","hospitalisations":40},{"code":"04","hospitalisations":23},{"code":"05","hospitalisations":38},{"code":"06","hospitalisations":203},{"code":"07","hospitalisations":156},{"code":"08","hospitalisations":45},{"code":"09","hospitalisations":7},{"code":"10","hospitalisations":214},{"code":"11","hospitalisations":31},{"code":"12","hospitalisations":23},{"code":"13","hospitalisations":838},{"code":"14","hospitalisations":150},{"code":"15","hospitalisations":27},{"code":"16","hospitalisations":4},{"code":"17","hospitalisations":57},{"code":"18","hospitalisations":90},{"code":"19","hospitalisations":74},{"code":"21","hospitalisations":267},{"code":"22","hospitalisations":51},{"code":"23","hospitalisations":18},{"code":"24","hospitalisations":24},{"code":"25","hospitalisations":145},{"code":"26","hospitalisations":96},{"code":"27","hospitalisations":112},{"code":"28","hospitalisations":227},{"code":"29","hospitalisations":57},{"code":"2A","hospitalisations":48},{"code":"2B","hospitalisations":8},{"code":"30","hospitalisations":114},{"code":"31","hospitalisations":113},{"code":"32","hospitalisations":28},{"code":"33","hospitalisations":203},{"code":"34","hospitalisations":95},{"code":"35","hospitalisations":132},{"code":"36","hospitalisations":117},{"code":"37","hospitalisations":155},{"code":"38","hospitalisations":167},{"code":"39","hospitalisations":83},{"code":"40","hospitalisations":17},{"code":"41","hospitalisations":142},{"code":"42","hospitalisations":377},{"code":"43","hospitalisations":33},{"code":"44","hospitalisations":207},{"code":"45","hospitalisations":243},{"code":"46","hospitalisations":12},{"code":"47","hospitalisations":28},{"code":"48","hospitalisations":2},{"code":"49","hospitalisations":159},{"code":"50","hospitalisations":57},{"code":"51","hospitalisations":322},{"code":"52","hospitalisations":77},{"code":"53","hospitalisations":78},{"code":"54","hospitalisations":334},{"code":"55","hospitalisations":139},{"code":"56","hospitalisations":119},{"code":"57","hospitalisations":697},{"code":"58","hospitalisations":48},{"code":"59","hospitalisations":823},{"code":"60","hospitalisations":401},{"code":"61","hospitalisations":74},{"code":"62","hospitalisations":397},{"code":"63","hospitalisations":42},{"code":"64","hospitalisations":44},{"code":"65","hospitalisations":57},{"code":"66","hospitalisations":11},{"code":"67","hospitalisations":825},{"code":"68","hospitalisations":818},{"code":"69","hospitalisations":1044},{"code":"70","hospitalisations":97},{"code":"71","hospitalisations":224},{"code":"72","hospitalisations":123},{"code":"73","hospitalisations":66},{"code":"74","hospitalisations":203},{"code":"75","hospitalisations":2104},{"code":"76","hospitalisations":185},{"code":"77","hospitalisations":630},{"code":"78","hospitalisations":765},{"code":"79","hospitalisations":16},{"code":"80","hospitalisations":248},{"code":"81","hospitalisations":33},{"code":"82","hospitalisations":10},{"code":"83","hospitalisations":224},{"code":"84","hospitalisations":59},{"code":"85","hospitalisations":46},{"code":"86","hospitalisations":43},{"code":"87","hospitalisations":39},{"code":"88","hospitalisations":200},{"code":"89","hospitalisations":110},{"code":"90","hospitalisations":139},{"code":"91","hospitalisations":1051},{"code":"92","hospitalisations":1664},{"code":"93","hospitalisations":1418},{"code":"94","hospitalisations":1726},{"code":"95","hospitalisations":864},{"code":"971","hospitalisations":16},{"code":"972","hospitalisations":19},{"code":"973","hospitalisations":5},{"code":"974","hospitalisations":5},{"code":"976","hospitalisations":44}]