[{"code":"01","hospitalisations":153},{"code":"02","hospitalisations":277},{"code":"03","hospitalisations":60},{"code":"04","hospitalisations":34},{"code":"05","hospitalisations":42},{"code":"06","hospitalisations":278},{"code":"07","hospitalisations":102},{"code":"08","hospitalisations":67},{"code":"09","hospitalisations":18},{"code":"10","hospitalisations":263},{"code":"11","hospitalisations":73},{"code":"12","hospitalisations":55},{"code":"13","hospitalisations":1147},{"code":"14","hospitalisations":147},{"code":"15","hospitalisations":28},{"code":"16","hospitalisations":11},{"code":"17","hospitalisations":81},{"code":"18","hospitalisations":67},{"code":"19","hospitalisations":56},{"code":"21","hospitalisations":384},{"code":"22","hospitalisations":69},{"code":"23","hospitalisations":30},{"code":"24","hospitalisations":36},{"code":"25","hospitalisations":221},{"code":"26","hospitalisations":202},{"code":"27","hospitalisations":83},{"code":"28","hospitalisations":239},{"code":"29","hospitalisations":107},{"code":"2A","hospitalisations":69},{"code":"2B","hospitalisations":15},{"code":"30","hospitalisations":103},{"code":"31","hospitalisations":212},{"code":"32","hospitalisations":32},{"code":"33","hospitalisations":296},{"code":"34","hospitalisations":161},{"code":"35","hospitalisations":193},{"code":"36","hospitalisations":98},{"code":"37","hospitalisations":187},{"code":"38","hospitalisations":246},{"code":"39","hospitalisations":132},{"code":"40","hospitalisations":30},{"code":"41","hospitalisations":101},{"code":"42","hospitalisations":484},{"code":"43","hospitalisations":24},{"code":"44","hospitalisations":284},{"code":"45","hospitalisations":272},{"code":"46","hospitalisations":23},{"code":"47","hospitalisations":29},{"code":"48","hospitalisations":5},{"code":"49","hospitalisations":219},{"code":"50","hospitalisations":77},{"code":"51","hospitalisations":378},{"code":"52","hospitalisations":83},{"code":"53","hospitalisations":91},{"code":"54","hospitalisations":460},{"code":"55","hospitalisations":145},{"code":"56","hospitalisations":115},{"code":"57","hospitalisations":1069},{"code":"58","hospitalisations":63},{"code":"59","hospitalisations":934},{"code":"60","hospitalisations":476},{"code":"61","hospitalisations":68},{"code":"62","hospitalisations":491},{"code":"63","hospitalisations":74},{"code":"64","hospitalisations":86},{"code":"65","hospitalisations":79},{"code":"66","hospitalisations":47},{"code":"67","hospitalisations":1048},{"code":"68","hospitalisations":979},{"code":"69","hospitalisations":1228},{"code":"70","hospitalisations":89},{"code":"71","hospitalisations":190},{"code":"72","hospitalisations":141},{"code":"73","hospitalisations":95},{"code":"74","hospitalisations":274},{"code":"75","hospitalisations":3103},{"code":"76","hospitalisations":299},{"code":"77","hospitalisations":841},{"code":"78","hospitalisations":987},{"code":"79","hospitalisations":33},{"code":"80","hospitalisations":358},{"code":"81","hospitalisations":45},{"code":"82","hospitalisations":17},{"code":"83","hospitalisations":313},{"code":"84","hospitalisations":69},{"code":"85","hospitalisations":64},{"code":"86","hospitalisations":61},{"code":"87","hospitalisations":63},{"code":"88","hospitalisations":277},{"code":"89","hospitalisations":96},{"code":"90","hospitalisations":195},{"code":"91","hospitalisations":1171},{"code":"92","hospitalisations":1977},{"code":"93","hospitalisations":1569},{"code":"94","hospitalisations":2249},{"code":"95","hospitalisations":937},{"code":"971","hospitalisations":34},{"code":"972","hospitalisations":40},{"code":"973","hospitalisations":8},{"code":"974","hospitalisations":19},{"code":"976","hospitalisations":22}]