[{"code":"01","hospitalisations":166},{"code":"02","hospitalisations":292},{"code":"03","hospitalisations":52},{"code":"04","hospitalisations":30},{"code":"05","hospitalisations":38},{"code":"06","hospitalisations":269},{"code":"07","hospitalisations":99},{"code":"08","hospitalisations":54},{"code":"09","hospitalisations":11},{"code":"10","hospitalisations":232},{"code":"11","hospitalisations":61},{"code":"12","hospitalisations":46},{"code":"13","hospitalisations":1010},{"code":"14","hospitalisations":148},{"code":"15","hospitalisations":21},{"code":"16","hospitalisations":9},{"code":"17","hospitalisations":74},{"code":"18","hospitalisations":83},{"code":"19","hospitalisations":77},{"code":"21","hospitalisations":303},{"code":"22","hospitalisations":53},{"code":"23","hospitalisations":26},{"code":"24","hospitalisations":35},{"code":"25","hospitalisations":177},{"code":"26","hospitalisations":139},{"code":"27","hospitalisations":113},{"code":"28","hospitalisations":239},{"code":"29","hospitalisations":80},{"code":"2A","hospitalisations":57},{"code":"2B","hospitalisations":13},{"code":"30","hospitalisations":126},{"code":"31","hospitalisations":159},{"code":"32","hospitalisations":37},{"code":"33","hospitalisations":252},{"code":"34","hospitalisations":126},{"code":"35","hospitalisations":164},{"code":"36","hospitalisations":113},{"code":"37","hospitalisations":159},{"code":"38","hospitalisations":219},{"code":"39","hospitalisations":108},{"code":"40","hospitalisations":27},{"code":"41","hospitalisations":120},{"code":"42","hospitalisations":438},{"code":"43","hospitalisations":39},{"code":"44","hospitalisations":256},{"code":"45","hospitalisations":252},{"code":"46","hospitalisations":23},{"code":"47","hospitalisations":33},{"code":"48","hospitalisations":2},{"code":"49","hospitalisations":186},{"code":"50","hospitalisations":51},{"code":"51","hospitalisations":344},{"code":"52","hospitalisations":74},{"code":"53","hospitalisations":86},{"code":"54","hospitalisations":450},{"code":"55","hospitalisations":135},{"code":"56","hospitalisations":132},{"code":"57","hospitalisations":945},{"code":"58","hospitalisations":52},{"code":"59","hospitalisations":909},{"code":"60","hospitalisations":457},{"code":"61","hospitalisations":59},{"code":"62","hospitalisations":440},{"code":"63","hospitalisations":47},{"code":"64","hospitalisations":71},{"code":"65","hospitalisations":77},{"code":"66","hospitalisations":25},{"code":"67","hospitalisations":911},{"code":"68","hospitalisations":963},{"code":"69","hospitalisations":1180},{"code":"70","hospitalisations":114},{"code":"71","hospitalisations":214},{"code":"72","hospitalisations":142},{"code":"73","hospitalisations":83},{"code":"74","hospitalisations":230},{"code":"75","hospitalisations":2624},{"code":"76","hospitalisations":241},{"code":"77","hospitalisations":695},{"code":"78","hospitalisations":848},{"code":"79","hospitalisations":26},{"code":"80","hospitalisations":303},{"code":"81","hospitalisations":37},{"code":"82","hospitalisations":12},{"code":"83","hospitalisations":320},{"code":"84","hospitalisations":79},{"code":"85","hospitalisations":52},{"code":"86","hospitalisations":47},{"code":"87","hospitalisations":50},{"code":"88","hospitalisations":233},{"code":"89","hospitalisations":109},{"code":"90","hospitalisations":156},{"code":"91","hospitalisations":1174},{"code":"92","hospitalisations":1933},{"code":"93","hospitalisations":1551},{"code":"94","hospitalisations":1982},{"code":"95","hospitalisations":951},{"code":"971","hospitalisations":23},{"code":"972","hospitalisations":32},{"code":"973","hospitalisations":3},{"code":"974","hospitalisations":8},{"code":"976","hospitalisations":28}]