[{"code":"01","hospitalisations":134},{"code":"02","hospitalisations":245},{"code":"03","hospitalisations":34},{"code":"04","hospitalisations":17},{"code":"05","hospitalisations":35},{"code":"06","hospitalisations":207},{"code":"07","hospitalisations":135},{"code":"08","hospitalisations":54},{"code":"09","hospitalisations":3},{"code":"10","hospitalisations":116},{"code":"11","hospitalisations":21},{"code":"12","hospitalisations":24},{"code":"13","hospitalisations":787},{"code":"14","hospitalisations":147},{"code":"15","hospitalisations":19},{"code":"16","hospitalisations":3},{"code":"17","hospitalisations":49},{"code":"18","hospitalisations":72},{"code":"19","hospitalisations":64},{"code":"21","hospitalisations":225},{"code":"22","hospitalisations":49},{"code":"23","hospitalisations":17},{"code":"24","hospitalisations":25},{"code":"25","hospitalisations":124},{"code":"26","hospitalisations":82},{"code":"27","hospitalisations":104},{"code":"28","hospitalisations":212},{"code":"29","hospitalisations":55},{"code":"2A","hospitalisations":45},{"code":"2B","hospitalisations":5},{"code":"30","hospitalisations":97},{"code":"31","hospitalisations":109},{"code":"32","hospitalisations":20},{"code":"33","hospitalisations":190},{"code":"34","hospitalisations":66},{"code":"35","hospitalisations":114},{"code":"36","hospitalisations":108},{"code":"37","hospitalisations":146},{"code":"38","hospitalisations":154},{"code":"39","hospitalisations":86},{"code":"40","hospitalisations":17},{"code":"41","hospitalisations":133},{"code":"42","hospitalisations":345},{"code":"43","hospitalisations":25},{"code":"44","hospitalisations":195},{"code":"45","hospitalisations":198},{"code":"46","hospitalisations":13},{"code":"47","hospitalisations":22},{"code":"48","hospitalisations":0},{"code":"49","hospitalisations":144},{"code":"50","hospitalisations":55},{"code":"51","hospitalisations":317},{"code":"52","hospitalisations":90},{"code":"53","hospitalisations":69},{"code":"54","hospitalisations":300},{"code":"55","hospitalisations":146},{"code":"56","hospitalisations":111},{"code":"57","hospitalisations":654},{"code":"58","hospitalisations":42},{"code":"59","hospitalisations":759},{"code":"60","hospitalisations":384},{"code":"61","hospitalisations":62},{"code":"62","hospitalisations":370},{"code":"63","hospitalisations":28},{"code":"64","hospitalisations":36},{"code":"65","hospitalisations":45},{"code":"66","hospitalisations":9},{"code":"67","hospitalisations":765},{"code":"68","hospitalisations":771},{"code":"69","hospitalisations":942},{"code":"70","hospitalisations":77},{"code":"71","hospitalisations":209},{"code":"72","hospitalisations":128},{"code":"73","hospitalisations":54},{"code":"74","hospitalisations":176},{"code":"75","hospitalisations":1819},{"code":"76","hospitalisations":158},{"code":"77","hospitalisations":560},{"code":"78","hospitalisations":743},{"code":"79","hospitalisations":13},{"code":"80","hospitalisations":238},{"code":"81","hospitalisations":25},{"code":"82","hospitalisations":8},{"code":"83","hospitalisations":222},{"code":"84","hospitalisations":51},{"code":"85","hospitalisations":44},{"code":"86","hospitalisations":28},{"code":"87","hospitalisations":35},{"code":"88","hospitalisations":165},{"code":"89","hospitalisations":108},{"code":"90","hospitalisations":140},{"code":"91","hospitalisations":964},{"code":"92","hospitalisations":1557},{"code":"93","hospitalisations":1367},{"code":"94","hospitalisations":1606},{"code":"95","hospitalisations":813},{"code":"971","hospitalisations":14},{"code":"972","hospitalisations":19},{"code":"973","hospitalisations":6},{"code":"974","hospitalisations":9},{"code":"976","hospitalisations":55}]