[{"code":"01","hospitalisations":128},{"code":"02","hospitalisations":280},{"code":"03","hospitalisations":56},{"code":"04","hospitalisations":35},{"code":"05","hospitalisations":52},{"code":"06","hospitalisations":278},{"code":"07","hospitalisations":105},{"code":"08","hospitalisations":74},{"code":"09","hospitalisations":15},{"code":"10","hospitalisations":213},{"code":"11","hospitalisations":63},{"code":"12","hospitalisations":50},{"code":"13","hospitalisations":1089},{"code":"14","hospitalisations":165},{"code":"15","hospitalisations":27},{"code":"16","hospitalisations":10},{"code":"17","hospitalisations":78},{"code":"18","hospitalisations":66},{"code":"19","hospitalisations":39},{"code":"21","hospitalisations":350},{"code":"22","hospitalisations":70},{"code":"23","hospitalisations":29},{"code":"24","hospitalisations":26},{"code":"25","hospitalisations":190},{"code":"26","hospitalisations":230},{"code":"27","hospitalisations":87},{"code":"28","hospitalisations":198},{"code":"29","hospitalisations":110},{"code":"2A","hospitalisations":72},{"code":"2B","hospitalisations":6},{"code":"30","hospitalisations":108},{"code":"31","hospitalisations":250},{"code":"32","hospitalisations":25},{"code":"33","hospitalisations":281},{"code":"34","hospitalisations":212},{"code":"35","hospitalisations":171},{"code":"36","hospitalisations":79},{"code":"37","hospitalisations":193},{"code":"38","hospitalisations":249},{"code":"39","hospitalisations":111},{"code":"40","hospitalisations":25},{"code":"41","hospitalisations":93},{"code":"42","hospitalisations":464},{"code":"43","hospitalisations":24},{"code":"44","hospitalisations":289},{"code":"45","hospitalisations":265},{"code":"46","hospitalisations":18},{"code":"47","hospitalisations":28},{"code":"48","hospitalisations":6},{"code":"49","hospitalisations":194},{"code":"50","hospitalisations":79},{"code":"51","hospitalisations":392},{"code":"52","hospitalisations":100},{"code":"53","hospitalisations":74},{"code":"54","hospitalisations":508},{"code":"55","hospitalisations":154},{"code":"56","hospitalisations":139},{"code":"57","hospitalisations":1052},{"code":"58","hospitalisations":48},{"code":"59","hospitalisations":937},{"code":"60","hospitalisations":434},{"code":"61","hospitalisations":75},{"code":"62","hospitalisations":446},{"code":"63","hospitalisations":73},{"code":"64","hospitalisations":97},{"code":"65","hospitalisations":68},{"code":"66","hospitalisations":79},{"code":"67","hospitalisations":1106},{"code":"68","hospitalisations":1023},{"code":"69","hospitalisations":1194},{"code":"70","hospitalisations":89},{"code":"71","hospitalisations":184},{"code":"72","hospitalisations":143},{"code":"73","hospitalisations":118},{"code":"74","hospitalisations":282},{"code":"75","hospitalisations":3181},{"code":"76","hospitalisations":335},{"code":"77","hospitalisations":782},{"code":"78","hospitalisations":1042},{"code":"79","hospitalisations":38},{"code":"80","hospitalisations":359},{"code":"81","hospitalisations":45},{"code":"82","hospitalisations":19},{"code":"83","hospitalisations":269},{"code":"84","hospitalisations":81},{"code":"85","hospitalisations":72},{"code":"86","hospitalisations":56},{"code":"87","hospitalisations":68},{"code":"88","hospitalisations":277},{"code":"89","hospitalisations":88},{"code":"90","hospitalisations":222},{"code":"91","hospitalisations":1184},{"code":"92","hospitalisations":1974},{"code":"93","hospitalisations":1597},{"code":"94","hospitalisations":2190},{"code":"95","hospitalisations":911},{"code":"971","hospitalisations":33},{"code":"972","hospitalisations":44},{"code":"973","hospitalisations":9},{"code":"974","hospitalisations":42},{"code":"976","hospitalisations":20}]