[{"code":"01","hospitalisations":159},{"code":"02","hospitalisations":278},{"code":"03","hospitalisations":44},{"code":"04","hospitalisations":25},{"code":"05","hospitalisations":38},{"code":"06","hospitalisations":200},{"code":"07","hospitalisations":143},{"code":"08","hospitalisations":47},{"code":"09","hospitalisations":7},{"code":"10","hospitalisations":220},{"code":"11","hospitalisations":44},{"code":"12","hospitalisations":26},{"code":"13","hospitalisations":932},{"code":"14","hospitalisations":148},{"code":"15","hospitalisations":28},{"code":"16","hospitalisations":3},{"code":"17","hospitalisations":60},{"code":"18","hospitalisations":91},{"code":"19","hospitalisations":76},{"code":"21","hospitalisations":276},{"code":"22","hospitalisations":52},{"code":"23","hospitalisations":23},{"code":"24","hospitalisations":23},{"code":"25","hospitalisations":156},{"code":"26","hospitalisations":102},{"code":"27","hospitalisations":117},{"code":"28","hospitalisations":218},{"code":"29","hospitalisations":58},{"code":"2A","hospitalisations":47},{"code":"2B","hospitalisations":9},{"code":"30","hospitalisations":128},{"code":"31","hospitalisations":125},{"code":"32","hospitalisations":28},{"code":"33","hospitalisations":212},{"code":"34","hospitalisations":106},{"code":"35","hospitalisations":136},{"code":"36","hospitalisations":130},{"code":"37","hospitalisations":162},{"code":"38","hospitalisations":166},{"code":"39","hospitalisations":98},{"code":"40","hospitalisations":22},{"code":"41","hospitalisations":142},{"code":"42","hospitalisations":394},{"code":"43","hospitalisations":30},{"code":"44","hospitalisations":214},{"code":"45","hospitalisations":249},{"code":"46","hospitalisations":15},{"code":"47","hospitalisations":30},{"code":"48","hospitalisations":2},{"code":"49","hospitalisations":156},{"code":"50","hospitalisations":54},{"code":"51","hospitalisations":328},{"code":"52","hospitalisations":69},{"code":"53","hospitalisations":81},{"code":"54","hospitalisations":362},{"code":"55","hospitalisations":140},{"code":"56","hospitalisations":123},{"code":"57","hospitalisations":748},{"code":"58","hospitalisations":49},{"code":"59","hospitalisations":863},{"code":"60","hospitalisations":415},{"code":"61","hospitalisations":66},{"code":"62","hospitalisations":413},{"code":"63","hospitalisations":42},{"code":"64","hospitalisations":45},{"code":"65","hospitalisations":65},{"code":"66","hospitalisations":14},{"code":"67","hospitalisations":837},{"code":"68","hospitalisations":834},{"code":"69","hospitalisations":1104},{"code":"70","hospitalisations":100},{"code":"71","hospitalisations":229},{"code":"72","hospitalisations":129},{"code":"73","hospitalisations":69},{"code":"74","hospitalisations":201},{"code":"75","hospitalisations":2177},{"code":"76","hospitalisations":190},{"code":"77","hospitalisations":653},{"code":"78","hospitalisations":797},{"code":"79","hospitalisations":16},{"code":"80","hospitalisations":255},{"code":"81","hospitalisations":38},{"code":"82","hospitalisations":12},{"code":"83","hospitalisations":236},{"code":"84","hospitalisations":72},{"code":"85","hospitalisations":49},{"code":"86","hospitalisations":45},{"code":"87","hospitalisations":37},{"code":"88","hospitalisations":213},{"code":"89","hospitalisations":106},{"code":"90","hospitalisations":129},{"code":"91","hospitalisations":1178},{"code":"92","hospitalisations":1738},{"code":"93","hospitalisations":1429},{"code":"94","hospitalisations":1830},{"code":"95","hospitalisations":883},{"code":"971","hospitalisations":16},{"code":"972","hospitalisations":21},{"code":"973","hospitalisations":2},{"code":"974","hospitalisations":4},{"code":"976","hospitalisations":38}]