[{"code":"01","hospitalisations":112},{"code":"02","hospitalisations":221},{"code":"03","hospitalisations":45},{"code":"04","hospitalisations":31},{"code":"05","hospitalisations":59},{"code":"06","hospitalisations":219},{"code":"07","hospitalisations":93},{"code":"08","hospitalisations":73},{"code":"09","hospitalisations":18},{"code":"10","hospitalisations":148},{"code":"11","hospitalisations":95},{"code":"12","hospitalisations":56},{"code":"13","hospitalisations":1095},{"code":"14","hospitalisations":142},{"code":"15","hospitalisations":26},{"code":"16","hospitalisations":17},{"code":"17","hospitalisations":79},{"code":"18","hospitalisations":49},{"code":"19","hospitalisations":42},{"code":"21","hospitalisations":259},{"code":"22","hospitalisations":70},{"code":"23","hospitalisations":12},{"code":"24","hospitalisations":26},{"code":"25","hospitalisations":183},{"code":"26","hospitalisations":251},{"code":"27","hospitalisations":68},{"code":"28","hospitalisations":174},{"code":"29","hospitalisations":82},{"code":"2A","hospitalisations":78},{"code":"2B","hospitalisations":17},{"code":"30","hospitalisations":89},{"code":"31","hospitalisations":226},{"code":"32","hospitalisations":29},{"code":"33","hospitalisations":305},{"code":"34","hospitalisations":257},{"code":"35","hospitalisations":136},{"code":"36","hospitalisations":65},{"code":"37","hospitalisations":166},{"code":"38","hospitalisations":222},{"code":"39","hospitalisations":78},{"code":"40","hospitalisations":22},{"code":"41","hospitalisations":66},{"code":"42","hospitalisations":467},{"code":"43","hospitalisations":25},{"code":"44","hospitalisations":250},{"code":"45","hospitalisations":231},{"code":"46","hospitalisations":15},{"code":"47","hospitalisations":31},{"code":"48","hospitalisations":8},{"code":"49","hospitalisations":161},{"code":"50","hospitalisations":75},{"code":"51","hospitalisations":391},{"code":"52","hospitalisations":99},{"code":"53","hospitalisations":74},{"code":"54","hospitalisations":488},{"code":"55","hospitalisations":157},{"code":"56","hospitalisations":135},{"code":"57","hospitalisations":1018},{"code":"58","hospitalisations":34},{"code":"59","hospitalisations":828},{"code":"60","hospitalisations":358},{"code":"61","hospitalisations":67},{"code":"62","hospitalisations":363},{"code":"63","hospitalisations":80},{"code":"64","hospitalisations":77},{"code":"65","hospitalisations":52},{"code":"66","hospitalisations":102},{"code":"67","hospitalisations":1078},{"code":"68","hospitalisations":1019},{"code":"69","hospitalisations":1250},{"code":"70","hospitalisations":80},{"code":"71","hospitalisations":173},{"code":"72","hospitalisations":108},{"code":"73","hospitalisations":118},{"code":"74","hospitalisations":294},{"code":"75","hospitalisations":3075},{"code":"76","hospitalisations":358},{"code":"77","hospitalisations":709},{"code":"78","hospitalisations":909},{"code":"79","hospitalisations":29},{"code":"80","hospitalisations":349},{"code":"81","hospitalisations":61},{"code":"82","hospitalisations":16},{"code":"83","hospitalisations":238},{"code":"84","hospitalisations":80},{"code":"85","hospitalisations":74},{"code":"86","hospitalisations":56},{"code":"87","hospitalisations":66},{"code":"88","hospitalisations":268},{"code":"89","hospitalisations":101},{"code":"90","hospitalisations":212},{"code":"91","hospitalisations":931},{"code":"92","hospitalisations":1950},{"code":"93","hospitalisations":1338},{"code":"94","hospitalisations":1729},{"code":"95","hospitalisations":833},{"code":"971","hospitalisations":36},{"code":"972","hospitalisations":54},{"code":"973","hospitalisations":7},{"code":"974","hospitalisations":44},{"code":"976","hospitalisations":17}]