[{"code":"01","hospitalisations":158},{"code":"02","hospitalisations":278},{"code":"03","hospitalisations":43},{"code":"04","hospitalisations":25},{"code":"05","hospitalisations":36},{"code":"06","hospitalisations":219},{"code":"07","hospitalisations":146},{"code":"08","hospitalisations":46},{"code":"09","hospitalisations":7},{"code":"10","hospitalisations":221},{"code":"11","hospitalisations":40},{"code":"12","hospitalisations":30},{"code":"13","hospitalisations":908},{"code":"14","hospitalisations":146},{"code":"15","hospitalisations":27},{"code":"16","hospitalisations":5},{"code":"17","hospitalisations":61},{"code":"18","hospitalisations":90},{"code":"19","hospitalisations":80},{"code":"21","hospitalisations":274},{"code":"22","hospitalisations":46},{"code":"23","hospitalisations":22},{"code":"24","hospitalisations":24},{"code":"25","hospitalisations":155},{"code":"26","hospitalisations":103},{"code":"27","hospitalisations":116},{"code":"28","hospitalisations":219},{"code":"29","hospitalisations":59},{"code":"2A","hospitalisations":48},{"code":"2B","hospitalisations":11},{"code":"30","hospitalisations":128},{"code":"31","hospitalisations":123},{"code":"32","hospitalisations":26},{"code":"33","hospitalisations":208},{"code":"34","hospitalisations":109},{"code":"35","hospitalisations":142},{"code":"36","hospitalisations":127},{"code":"37","hospitalisations":159},{"code":"38","hospitalisations":164},{"code":"39","hospitalisations":98},{"code":"40","hospitalisations":22},{"code":"41","hospitalisations":136},{"code":"42","hospitalisations":390},{"code":"43","hospitalisations":30},{"code":"44","hospitalisations":216},{"code":"45","hospitalisations":246},{"code":"46","hospitalisations":16},{"code":"47","hospitalisations":30},{"code":"48","hospitalisations":1},{"code":"49","hospitalisations":156},{"code":"50","hospitalisations":55},{"code":"51","hospitalisations":320},{"code":"52","hospitalisations":73},{"code":"53","hospitalisations":81},{"code":"54","hospitalisations":368},{"code":"55","hospitalisations":137},{"code":"56","hospitalisations":126},{"code":"57","hospitalisations":729},{"code":"58","hospitalisations":50},{"code":"59","hospitalisations":835},{"code":"60","hospitalisations":421},{"code":"61","hospitalisations":65},{"code":"62","hospitalisations":414},{"code":"63","hospitalisations":44},{"code":"64","hospitalisations":44},{"code":"65","hospitalisations":65},{"code":"66","hospitalisations":15},{"code":"67","hospitalisations":852},{"code":"68","hospitalisations":849},{"code":"69","hospitalisations":1091},{"code":"70","hospitalisations":102},{"code":"71","hospitalisations":228},{"code":"72","hospitalisations":127},{"code":"73","hospitalisations":69},{"code":"74","hospitalisations":205},{"code":"75","hospitalisations":2234},{"code":"76","hospitalisations":193},{"code":"77","hospitalisations":667},{"code":"78","hospitalisations":791},{"code":"79","hospitalisations":17},{"code":"80","hospitalisations":261},{"code":"81","hospitalisations":38},{"code":"82","hospitalisations":12},{"code":"83","hospitalisations":237},{"code":"84","hospitalisations":74},{"code":"85","hospitalisations":42},{"code":"86","hospitalisations":45},{"code":"87","hospitalisations":37},{"code":"88","hospitalisations":229},{"code":"89","hospitalisations":102},{"code":"90","hospitalisations":131},{"code":"91","hospitalisations":1168},{"code":"92","hospitalisations":1739},{"code":"93","hospitalisations":1443},{"code":"94","hospitalisations":1848},{"code":"95","hospitalisations":894},{"code":"971","hospitalisations":16},{"code":"972","hospitalisations":21},{"code":"973","hospitalisations":2},{"code":"974","hospitalisations":4},{"code":"976","hospitalisations":29}]