[{"code":"01","hospitalisations":139},{"code":"02","hospitalisations":280},{"code":"03","hospitalisations":59},{"code":"04","hospitalisations":37},{"code":"05","hospitalisations":44},{"code":"06","hospitalisations":278},{"code":"07","hospitalisations":101},{"code":"08","hospitalisations":70},{"code":"09","hospitalisations":18},{"code":"10","hospitalisations":266},{"code":"11","hospitalisations":77},{"code":"12","hospitalisations":55},{"code":"13","hospitalisations":1161},{"code":"14","hospitalisations":152},{"code":"15","hospitalisations":28},{"code":"16","hospitalisations":13},{"code":"17","hospitalisations":82},{"code":"18","hospitalisations":74},{"code":"19","hospitalisations":54},{"code":"21","hospitalisations":361},{"code":"22","hospitalisations":75},{"code":"23","hospitalisations":30},{"code":"24","hospitalisations":33},{"code":"25","hospitalisations":230},{"code":"26","hospitalisations":207},{"code":"27","hospitalisations":79},{"code":"28","hospitalisations":242},{"code":"29","hospitalisations":115},{"code":"2A","hospitalisations":69},{"code":"2B","hospitalisations":14},{"code":"30","hospitalisations":105},{"code":"31","hospitalisations":222},{"code":"32","hospitalisations":31},{"code":"33","hospitalisations":304},{"code":"34","hospitalisations":179},{"code":"35","hospitalisations":196},{"code":"36","hospitalisations":99},{"code":"37","hospitalisations":195},{"code":"38","hospitalisations":255},{"code":"39","hospitalisations":132},{"code":"40","hospitalisations":29},{"code":"41","hospitalisations":99},{"code":"42","hospitalisations":490},{"code":"43","hospitalisations":27},{"code":"44","hospitalisations":292},{"code":"45","hospitalisations":287},{"code":"46","hospitalisations":22},{"code":"47","hospitalisations":29},{"code":"48","hospitalisations":6},{"code":"49","hospitalisations":212},{"code":"50","hospitalisations":76},{"code":"51","hospitalisations":383},{"code":"52","hospitalisations":86},{"code":"53","hospitalisations":78},{"code":"54","hospitalisations":487},{"code":"55","hospitalisations":146},{"code":"56","hospitalisations":118},{"code":"57","hospitalisations":1071},{"code":"58","hospitalisations":55},{"code":"59","hospitalisations":946},{"code":"60","hospitalisations":481},{"code":"61","hospitalisations":71},{"code":"62","hospitalisations":471},{"code":"63","hospitalisations":73},{"code":"64","hospitalisations":90},{"code":"65","hospitalisations":82},{"code":"66","hospitalisations":55},{"code":"67","hospitalisations":1073},{"code":"68","hospitalisations":1021},{"code":"69","hospitalisations":1234},{"code":"70","hospitalisations":89},{"code":"71","hospitalisations":187},{"code":"72","hospitalisations":142},{"code":"73","hospitalisations":96},{"code":"74","hospitalisations":295},{"code":"75","hospitalisations":3209},{"code":"76","hospitalisations":308},{"code":"77","hospitalisations":837},{"code":"78","hospitalisations":1025},{"code":"79","hospitalisations":33},{"code":"80","hospitalisations":358},{"code":"81","hospitalisations":42},{"code":"82","hospitalisations":19},{"code":"83","hospitalisations":320},{"code":"84","hospitalisations":69},{"code":"85","hospitalisations":70},{"code":"86","hospitalisations":67},{"code":"87","hospitalisations":64},{"code":"88","hospitalisations":274},{"code":"89","hospitalisations":86},{"code":"90","hospitalisations":201},{"code":"91","hospitalisations":1169},{"code":"92","hospitalisations":1984},{"code":"93","hospitalisations":1574},{"code":"94","hospitalisations":2278},{"code":"95","hospitalisations":942},{"code":"971","hospitalisations":35},{"code":"972","hospitalisations":38},{"code":"973","hospitalisations":19},{"code":"974","hospitalisations":24},{"code":"976","hospitalisations":18}]