[{"code":"01","hospitalisations":22},{"code":"02","hospitalisations":107},{"code":"03","hospitalisations":9},{"code":"04","hospitalisations":4},{"code":"05","hospitalisations":19},{"code":"06","hospitalisations":55},{"code":"07","hospitalisations":37},{"code":"08","hospitalisations":5},{"code":"09","hospitalisations":3},{"code":"10","hospitalisations":36},{"code":"11","hospitalisations":33},{"code":"12","hospitalisations":19},{"code":"13","hospitalisations":369},{"code":"14","hospitalisations":29},{"code":"15","hospitalisations":7},{"code":"16","hospitalisations":13},{"code":"17","hospitalisations":26},{"code":"18","hospitalisations":2},{"code":"19","hospitalisations":12},{"code":"21","hospitalisations":114},{"code":"22","hospitalisations":11},{"code":"23","hospitalisations":2},{"code":"24","hospitalisations":24},{"code":"25","hospitalisations":80},{"code":"26","hospitalisations":67},{"code":"27","hospitalisations":15},{"code":"28","hospitalisations":41},{"code":"29","hospitalisations":22},{"code":"2A","hospitalisations":63},{"code":"2B","hospitalisations":7},{"code":"30","hospitalisations":14},{"code":"31","hospitalisations":89},{"code":"32","hospitalisations":8},{"code":"33","hospitalisations":99},{"code":"34","hospitalisations":99},{"code":"35","hospitalisations":33},{"code":"36","hospitalisations":19},{"code":"37","hospitalisations":22},{"code":"38","hospitalisations":59},{"code":"39","hospitalisations":24},{"code":"40","hospitalisations":4},{"code":"41","hospitalisations":10},{"code":"42","hospitalisations":160},{"code":"43","hospitalisations":8},{"code":"44","hospitalisations":77},{"code":"45","hospitalisations":43},{"code":"46","hospitalisations":2},{"code":"47","hospitalisations":16},{"code":"48","hospitalisations":7},{"code":"49","hospitalisations":58},{"code":"50","hospitalisations":20},{"code":"51","hospitalisations":145},{"code":"52","hospitalisations":24},{"code":"53","hospitalisations":14},{"code":"54","hospitalisations":161},{"code":"55","hospitalisations":96},{"code":"56","hospitalisations":67},{"code":"57","hospitalisations":525},{"code":"58","hospitalisations":3},{"code":"59","hospitalisations":183},{"code":"60","hospitalisations":189},{"code":"61","hospitalisations":8},{"code":"62","hospitalisations":85},{"code":"63","hospitalisations":15},{"code":"64","hospitalisations":23},{"code":"65","hospitalisations":6},{"code":"66","hospitalisations":91},{"code":"67","hospitalisations":621},{"code":"68","hospitalisations":713},{"code":"69","hospitalisations":476},{"code":"70","hospitalisations":37},{"code":"71","hospitalisations":92},{"code":"72","hospitalisations":23},{"code":"73","hospitalisations":28},{"code":"74","hospitalisations":93},{"code":"75","hospitalisations":1076},{"code":"76","hospitalisations":98},{"code":"77","hospitalisations":168},{"code":"78","hospitalisations":295},{"code":"79","hospitalisations":9},{"code":"80","hospitalisations":147},{"code":"81","hospitalisations":8},{"code":"82","hospitalisations":3},{"code":"83","hospitalisations":72},{"code":"84","hospitalisations":26},{"code":"85","hospitalisations":15},{"code":"86","hospitalisations":17},{"code":"87","hospitalisations":18},{"code":"88","hospitalisations":76},{"code":"89","hospitalisations":18},{"code":"90","hospitalisations":109},{"code":"91","hospitalisations":294},{"code":"92","hospitalisations":616},{"code":"93","hospitalisations":390},{"code":"94","hospitalisations":467},{"code":"95","hospitalisations":377},{"code":"971","hospitalisations":6},{"code":"972","hospitalisations":13},{"code":"973","hospitalisations":0},{"code":"974","hospitalisations":3},{"code":"976","hospitalisations":0},{"code":"","hospitalisations":13}]