[{"code":"01","hospitalisations":162},{"code":"02","hospitalisations":287},{"code":"03","hospitalisations":53},{"code":"04","hospitalisations":29},{"code":"05","hospitalisations":41},{"code":"06","hospitalisations":259},{"code":"07","hospitalisations":95},{"code":"08","hospitalisations":54},{"code":"09","hospitalisations":11},{"code":"10","hospitalisations":230},{"code":"11","hospitalisations":57},{"code":"12","hospitalisations":45},{"code":"13","hospitalisations":974},{"code":"14","hospitalisations":148},{"code":"15","hospitalisations":21},{"code":"16","hospitalisations":9},{"code":"17","hospitalisations":73},{"code":"18","hospitalisations":87},{"code":"19","hospitalisations":74},{"code":"21","hospitalisations":292},{"code":"22","hospitalisations":52},{"code":"23","hospitalisations":26},{"code":"24","hospitalisations":31},{"code":"25","hospitalisations":171},{"code":"26","hospitalisations":140},{"code":"27","hospitalisations":114},{"code":"28","hospitalisations":234},{"code":"29","hospitalisations":76},{"code":"2A","hospitalisations":54},{"code":"2B","hospitalisations":10},{"code":"30","hospitalisations":125},{"code":"31","hospitalisations":153},{"code":"32","hospitalisations":34},{"code":"33","hospitalisations":248},{"code":"34","hospitalisations":123},{"code":"35","hospitalisations":158},{"code":"36","hospitalisations":118},{"code":"37","hospitalisations":163},{"code":"38","hospitalisations":215},{"code":"39","hospitalisations":104},{"code":"40","hospitalisations":26},{"code":"41","hospitalisations":124},{"code":"42","hospitalisations":412},{"code":"43","hospitalisations":39},{"code":"44","hospitalisations":259},{"code":"45","hospitalisations":248},{"code":"46","hospitalisations":23},{"code":"47","hospitalisations":31},{"code":"48","hospitalisations":2},{"code":"49","hospitalisations":180},{"code":"50","hospitalisations":51},{"code":"51","hospitalisations":333},{"code":"52","hospitalisations":81},{"code":"53","hospitalisations":85},{"code":"54","hospitalisations":450},{"code":"55","hospitalisations":130},{"code":"56","hospitalisations":126},{"code":"57","hospitalisations":895},{"code":"58","hospitalisations":52},{"code":"59","hospitalisations":900},{"code":"60","hospitalisations":461},{"code":"61","hospitalisations":66},{"code":"62","hospitalisations":438},{"code":"63","hospitalisations":47},{"code":"64","hospitalisations":66},{"code":"65","hospitalisations":77},{"code":"66","hospitalisations":24},{"code":"67","hospitalisations":917},{"code":"68","hospitalisations":932},{"code":"69","hospitalisations":1191},{"code":"70","hospitalisations":111},{"code":"71","hospitalisations":223},{"code":"72","hospitalisations":144},{"code":"73","hospitalisations":84},{"code":"74","hospitalisations":223},{"code":"75","hospitalisations":2568},{"code":"76","hospitalisations":236},{"code":"77","hospitalisations":701},{"code":"78","hospitalisations":830},{"code":"79","hospitalisations":28},{"code":"80","hospitalisations":299},{"code":"81","hospitalisations":38},{"code":"82","hospitalisations":12},{"code":"83","hospitalisations":291},{"code":"84","hospitalisations":77},{"code":"85","hospitalisations":49},{"code":"86","hospitalisations":47},{"code":"87","hospitalisations":48},{"code":"88","hospitalisations":231},{"code":"89","hospitalisations":115},{"code":"90","hospitalisations":148},{"code":"91","hospitalisations":1201},{"code":"92","hospitalisations":1903},{"code":"93","hospitalisations":1492},{"code":"94","hospitalisations":1970},{"code":"95","hospitalisations":944},{"code":"971","hospitalisations":22},{"code":"972","hospitalisations":32},{"code":"973","hospitalisations":1},{"code":"974","hospitalisations":7},{"code":"976","hospitalisations":28}]