[{"code":"01","hospitalisations":152},{"code":"02","hospitalisations":277},{"code":"03","hospitalisations":61},{"code":"04","hospitalisations":34},{"code":"05","hospitalisations":42},{"code":"06","hospitalisations":263},{"code":"07","hospitalisations":104},{"code":"08","hospitalisations":68},{"code":"09","hospitalisations":14},{"code":"10","hospitalisations":261},{"code":"11","hospitalisations":71},{"code":"12","hospitalisations":58},{"code":"13","hospitalisations":1181},{"code":"14","hospitalisations":140},{"code":"15","hospitalisations":23},{"code":"16","hospitalisations":12},{"code":"17","hospitalisations":82},{"code":"18","hospitalisations":78},{"code":"19","hospitalisations":57},{"code":"21","hospitalisations":380},{"code":"22","hospitalisations":72},{"code":"23","hospitalisations":31},{"code":"24","hospitalisations":55},{"code":"25","hospitalisations":213},{"code":"26","hospitalisations":189},{"code":"27","hospitalisations":94},{"code":"28","hospitalisations":253},{"code":"29","hospitalisations":101},{"code":"2A","hospitalisations":70},{"code":"2B","hospitalisations":14},{"code":"30","hospitalisations":121},{"code":"31","hospitalisations":206},{"code":"32","hospitalisations":41},{"code":"33","hospitalisations":295},{"code":"34","hospitalisations":154},{"code":"35","hospitalisations":194},{"code":"36","hospitalisations":96},{"code":"37","hospitalisations":179},{"code":"38","hospitalisations":255},{"code":"39","hospitalisations":145},{"code":"40","hospitalisations":32},{"code":"41","hospitalisations":107},{"code":"42","hospitalisations":489},{"code":"43","hospitalisations":29},{"code":"44","hospitalisations":291},{"code":"45","hospitalisations":260},{"code":"46","hospitalisations":22},{"code":"47","hospitalisations":29},{"code":"48","hospitalisations":5},{"code":"49","hospitalisations":208},{"code":"50","hospitalisations":74},{"code":"51","hospitalisations":375},{"code":"52","hospitalisations":83},{"code":"53","hospitalisations":92},{"code":"54","hospitalisations":450},{"code":"55","hospitalisations":147},{"code":"56","hospitalisations":116},{"code":"57","hospitalisations":1055},{"code":"58","hospitalisations":61},{"code":"59","hospitalisations":917},{"code":"60","hospitalisations":492},{"code":"61","hospitalisations":70},{"code":"62","hospitalisations":474},{"code":"63","hospitalisations":71},{"code":"64","hospitalisations":86},{"code":"65","hospitalisations":77},{"code":"66","hospitalisations":38},{"code":"67","hospitalisations":1023},{"code":"68","hospitalisations":994},{"code":"69","hospitalisations":1238},{"code":"70","hospitalisations":95},{"code":"71","hospitalisations":201},{"code":"72","hospitalisations":140},{"code":"73","hospitalisations":92},{"code":"74","hospitalisations":262},{"code":"75","hospitalisations":3083},{"code":"76","hospitalisations":282},{"code":"77","hospitalisations":845},{"code":"78","hospitalisations":972},{"code":"79","hospitalisations":34},{"code":"80","hospitalisations":357},{"code":"81","hospitalisations":45},{"code":"82","hospitalisations":14},{"code":"83","hospitalisations":304},{"code":"84","hospitalisations":65},{"code":"85","hospitalisations":71},{"code":"86","hospitalisations":57},{"code":"87","hospitalisations":60},{"code":"88","hospitalisations":269},{"code":"89","hospitalisations":97},{"code":"90","hospitalisations":188},{"code":"91","hospitalisations":1196},{"code":"92","hospitalisations":1942},{"code":"93","hospitalisations":1561},{"code":"94","hospitalisations":2248},{"code":"95","hospitalisations":919},{"code":"971","hospitalisations":36},{"code":"972","hospitalisations":38},{"code":"973","hospitalisations":8},{"code":"974","hospitalisations":17},{"code":"976","hospitalisations":22}]