[{"code":"01","hospitalisations":120},{"code":"02","hospitalisations":286},{"code":"03","hospitalisations":58},{"code":"04","hospitalisations":33},{"code":"05","hospitalisations":49},{"code":"06","hospitalisations":278},{"code":"07","hospitalisations":106},{"code":"08","hospitalisations":79},{"code":"09","hospitalisations":16},{"code":"10","hospitalisations":260},{"code":"11","hospitalisations":91},{"code":"12","hospitalisations":57},{"code":"13","hospitalisations":1147},{"code":"14","hospitalisations":156},{"code":"15","hospitalisations":29},{"code":"16","hospitalisations":14},{"code":"17","hospitalisations":85},{"code":"18","hospitalisations":72},{"code":"19","hospitalisations":51},{"code":"21","hospitalisations":340},{"code":"22","hospitalisations":74},{"code":"23","hospitalisations":34},{"code":"24","hospitalisations":31},{"code":"25","hospitalisations":212},{"code":"26","hospitalisations":234},{"code":"27","hospitalisations":92},{"code":"28","hospitalisations":232},{"code":"29","hospitalisations":121},{"code":"2A","hospitalisations":71},{"code":"2B","hospitalisations":4},{"code":"30","hospitalisations":92},{"code":"31","hospitalisations":243},{"code":"32","hospitalisations":31},{"code":"33","hospitalisations":311},{"code":"34","hospitalisations":198},{"code":"35","hospitalisations":184},{"code":"36","hospitalisations":94},{"code":"37","hospitalisations":196},{"code":"38","hospitalisations":255},{"code":"39","hospitalisations":124},{"code":"40","hospitalisations":24},{"code":"41","hospitalisations":97},{"code":"42","hospitalisations":490},{"code":"43","hospitalisations":31},{"code":"44","hospitalisations":299},{"code":"45","hospitalisations":292},{"code":"46","hospitalisations":20},{"code":"47","hospitalisations":30},{"code":"48","hospitalisations":6},{"code":"49","hospitalisations":222},{"code":"50","hospitalisations":73},{"code":"51","hospitalisations":395},{"code":"52","hospitalisations":100},{"code":"53","hospitalisations":68},{"code":"54","hospitalisations":506},{"code":"55","hospitalisations":143},{"code":"56","hospitalisations":131},{"code":"57","hospitalisations":1047},{"code":"58","hospitalisations":60},{"code":"59","hospitalisations":970},{"code":"60","hospitalisations":461},{"code":"61","hospitalisations":71},{"code":"62","hospitalisations":447},{"code":"63","hospitalisations":80},{"code":"64","hospitalisations":92},{"code":"65","hospitalisations":83},{"code":"66","hospitalisations":74},{"code":"67","hospitalisations":1106},{"code":"68","hospitalisations":1023},{"code":"69","hospitalisations":1252},{"code":"70","hospitalisations":85},{"code":"71","hospitalisations":176},{"code":"72","hospitalisations":155},{"code":"73","hospitalisations":111},{"code":"74","hospitalisations":289},{"code":"75","hospitalisations":3266},{"code":"76","hospitalisations":321},{"code":"77","hospitalisations":828},{"code":"78","hospitalisations":1070},{"code":"79","hospitalisations":36},{"code":"80","hospitalisations":361},{"code":"81","hospitalisations":45},{"code":"82","hospitalisations":18},{"code":"83","hospitalisations":279},{"code":"84","hospitalisations":73},{"code":"85","hospitalisations":79},{"code":"86","hospitalisations":71},{"code":"87","hospitalisations":78},{"code":"88","hospitalisations":269},{"code":"89","hospitalisations":83},{"code":"90","hospitalisations":229},{"code":"91","hospitalisations":1231},{"code":"92","hospitalisations":2005},{"code":"93","hospitalisations":1619},{"code":"94","hospitalisations":2249},{"code":"95","hospitalisations":928},{"code":"971","hospitalisations":41},{"code":"972","hospitalisations":39},{"code":"973","hospitalisations":15},{"code":"974","hospitalisations":28},{"code":"976","hospitalisations":22}]