[{"code":"01","hospitalisations":55},{"code":"02","hospitalisations":136},{"code":"03","hospitalisations":23},{"code":"04","hospitalisations":12},{"code":"05","hospitalisations":39},{"code":"06","hospitalisations":112},{"code":"07","hospitalisations":66},{"code":"08","hospitalisations":30},{"code":"09","hospitalisations":9},{"code":"10","hospitalisations":65},{"code":"11","hospitalisations":68},{"code":"12","hospitalisations":34},{"code":"13","hospitalisations":705},{"code":"14","hospitalisations":93},{"code":"15","hospitalisations":8},{"code":"16","hospitalisations":30},{"code":"17","hospitalisations":46},{"code":"18","hospitalisations":18},{"code":"19","hospitalisations":32},{"code":"21","hospitalisations":218},{"code":"22","hospitalisations":36},{"code":"23","hospitalisations":6},{"code":"24","hospitalisations":11},{"code":"25","hospitalisations":148},{"code":"26","hospitalisations":183},{"code":"27","hospitalisations":37},{"code":"28","hospitalisations":98},{"code":"29","hospitalisations":50},{"code":"2A","hospitalisations":91},{"code":"2B","hospitalisations":7},{"code":"30","hospitalisations":39},{"code":"31","hospitalisations":185},{"code":"32","hospitalisations":20},{"code":"33","hospitalisations":237},{"code":"34","hospitalisations":234},{"code":"35","hospitalisations":84},{"code":"36","hospitalisations":40},{"code":"37","hospitalisations":58},{"code":"38","hospitalisations":140},{"code":"39","hospitalisations":37},{"code":"40","hospitalisations":11},{"code":"41","hospitalisations":29},{"code":"42","hospitalisations":374},{"code":"43","hospitalisations":14},{"code":"44","hospitalisations":158},{"code":"45","hospitalisations":115},{"code":"46","hospitalisations":5},{"code":"47","hospitalisations":27},{"code":"48","hospitalisations":9},{"code":"49","hospitalisations":117},{"code":"50","hospitalisations":37},{"code":"51","hospitalisations":260},{"code":"52","hospitalisations":53},{"code":"53","hospitalisations":54},{"code":"54","hospitalisations":325},{"code":"55","hospitalisations":131},{"code":"56","hospitalisations":98},{"code":"57","hospitalisations":809},{"code":"58","hospitalisations":9},{"code":"59","hospitalisations":446},{"code":"60","hospitalisations":259},{"code":"61","hospitalisations":25},{"code":"62","hospitalisations":168},{"code":"63","hospitalisations":51},{"code":"64","hospitalisations":52},{"code":"65","hospitalisations":25},{"code":"66","hospitalisations":126},{"code":"67","hospitalisations":884},{"code":"68","hospitalisations":999},{"code":"69","hospitalisations":907},{"code":"70","hospitalisations":66},{"code":"71","hospitalisations":184},{"code":"72","hospitalisations":97},{"code":"73","hospitalisations":82},{"code":"74","hospitalisations":212},{"code":"75","hospitalisations":2115},{"code":"76","hospitalisations":263},{"code":"77","hospitalisations":418},{"code":"78","hospitalisations":559},{"code":"79","hospitalisations":23},{"code":"80","hospitalisations":228},{"code":"81","hospitalisations":38},{"code":"82","hospitalisations":4},{"code":"83","hospitalisations":156},{"code":"84","hospitalisations":49},{"code":"85","hospitalisations":73},{"code":"86","hospitalisations":34},{"code":"87","hospitalisations":49},{"code":"88","hospitalisations":179},{"code":"89","hospitalisations":40},{"code":"90","hospitalisations":171},{"code":"91","hospitalisations":528},{"code":"92","hospitalisations":1169},{"code":"93","hospitalisations":758},{"code":"94","hospitalisations":961},{"code":"95","hospitalisations":584},{"code":"971","hospitalisations":44},{"code":"972","hospitalisations":57},{"code":"973","hospitalisations":0},{"code":"974","hospitalisations":53},{"code":"976","hospitalisations":0}]