[{"code":"01","hospitalisations":134},{"code":"02","hospitalisations":279},{"code":"03","hospitalisations":62},{"code":"04","hospitalisations":34},{"code":"05","hospitalisations":46},{"code":"06","hospitalisations":282},{"code":"07","hospitalisations":106},{"code":"08","hospitalisations":78},{"code":"09","hospitalisations":16},{"code":"10","hospitalisations":274},{"code":"11","hospitalisations":86},{"code":"12","hospitalisations":56},{"code":"13","hospitalisations":1142},{"code":"14","hospitalisations":152},{"code":"15","hospitalisations":29},{"code":"16","hospitalisations":14},{"code":"17","hospitalisations":94},{"code":"18","hospitalisations":72},{"code":"19","hospitalisations":53},{"code":"21","hospitalisations":346},{"code":"22","hospitalisations":77},{"code":"23","hospitalisations":32},{"code":"24","hospitalisations":29},{"code":"25","hospitalisations":234},{"code":"26","hospitalisations":226},{"code":"27","hospitalisations":85},{"code":"28","hospitalisations":236},{"code":"29","hospitalisations":120},{"code":"2A","hospitalisations":71},{"code":"2B","hospitalisations":3},{"code":"30","hospitalisations":97},{"code":"31","hospitalisations":243},{"code":"32","hospitalisations":32},{"code":"33","hospitalisations":317},{"code":"34","hospitalisations":192},{"code":"35","hospitalisations":190},{"code":"36","hospitalisations":92},{"code":"37","hospitalisations":195},{"code":"38","hospitalisations":249},{"code":"39","hospitalisations":131},{"code":"40","hospitalisations":27},{"code":"41","hospitalisations":104},{"code":"42","hospitalisations":489},{"code":"43","hospitalisations":29},{"code":"44","hospitalisations":296},{"code":"45","hospitalisations":297},{"code":"46","hospitalisations":24},{"code":"47","hospitalisations":32},{"code":"48","hospitalisations":6},{"code":"49","hospitalisations":232},{"code":"50","hospitalisations":78},{"code":"51","hospitalisations":387},{"code":"52","hospitalisations":103},{"code":"53","hospitalisations":71},{"code":"54","hospitalisations":509},{"code":"55","hospitalisations":146},{"code":"56","hospitalisations":127},{"code":"57","hospitalisations":1064},{"code":"58","hospitalisations":58},{"code":"59","hospitalisations":984},{"code":"60","hospitalisations":458},{"code":"61","hospitalisations":74},{"code":"62","hospitalisations":463},{"code":"63","hospitalisations":79},{"code":"64","hospitalisations":92},{"code":"65","hospitalisations":83},{"code":"66","hospitalisations":65},{"code":"67","hospitalisations":1122},{"code":"68","hospitalisations":1041},{"code":"69","hospitalisations":1247},{"code":"70","hospitalisations":95},{"code":"71","hospitalisations":180},{"code":"72","hospitalisations":142},{"code":"73","hospitalisations":99},{"code":"74","hospitalisations":295},{"code":"75","hospitalisations":3281},{"code":"76","hospitalisations":316},{"code":"77","hospitalisations":830},{"code":"78","hospitalisations":1054},{"code":"79","hospitalisations":37},{"code":"80","hospitalisations":368},{"code":"81","hospitalisations":44},{"code":"82","hospitalisations":18},{"code":"83","hospitalisations":315},{"code":"84","hospitalisations":75},{"code":"85","hospitalisations":79},{"code":"86","hospitalisations":68},{"code":"87","hospitalisations":71},{"code":"88","hospitalisations":269},{"code":"89","hospitalisations":91},{"code":"90","hospitalisations":226},{"code":"91","hospitalisations":1217},{"code":"92","hospitalisations":2006},{"code":"93","hospitalisations":1613},{"code":"94","hospitalisations":2247},{"code":"95","hospitalisations":961},{"code":"971","hospitalisations":41},{"code":"972","hospitalisations":39},{"code":"973","hospitalisations":18},{"code":"974","hospitalisations":28},{"code":"976","hospitalisations":15}]