[{"code":"01","hospitalisations":17},{"code":"02","hospitalisations":91},{"code":"03","hospitalisations":9},{"code":"04","hospitalisations":4},{"code":"05","hospitalisations":19},{"code":"06","hospitalisations":66},{"code":"07","hospitalisations":29},{"code":"08","hospitalisations":6},{"code":"09","hospitalisations":3},{"code":"10","hospitalisations":33},{"code":"11","hospitalisations":36},{"code":"12","hospitalisations":14},{"code":"13","hospitalisations":311},{"code":"14","hospitalisations":26},{"code":"15","hospitalisations":5},{"code":"16","hospitalisations":6},{"code":"17","hospitalisations":13},{"code":"18","hospitalisations":0},{"code":"19","hospitalisations":6},{"code":"21","hospitalisations":113},{"code":"22","hospitalisations":9},{"code":"23","hospitalisations":2},{"code":"24","hospitalisations":20},{"code":"25","hospitalisations":65},{"code":"26","hospitalisations":58},{"code":"27","hospitalisations":15},{"code":"28","hospitalisations":34},{"code":"29","hospitalisations":22},{"code":"2A","hospitalisations":59},{"code":"2B","hospitalisations":6},{"code":"30","hospitalisations":15},{"code":"31","hospitalisations":71},{"code":"32","hospitalisations":5},{"code":"33","hospitalisations":68},{"code":"34","hospitalisations":82},{"code":"35","hospitalisations":34},{"code":"36","hospitalisations":16},{"code":"37","hospitalisations":18},{"code":"38","hospitalisations":51},{"code":"39","hospitalisations":10},{"code":"40","hospitalisations":4},{"code":"41","hospitalisations":6},{"code":"42","hospitalisations":123},{"code":"43","hospitalisations":7},{"code":"44","hospitalisations":57},{"code":"45","hospitalisations":43},{"code":"46","hospitalisations":2},{"code":"47","hospitalisations":18},{"code":"48","hospitalisations":4},{"code":"49","hospitalisations":46},{"code":"50","hospitalisations":20},{"code":"51","hospitalisations":117},{"code":"52","hospitalisations":13},{"code":"53","hospitalisations":14},{"code":"54","hospitalisations":121},{"code":"55","hospitalisations":86},{"code":"56","hospitalisations":67},{"code":"57","hospitalisations":391},{"code":"58","hospitalisations":3},{"code":"59","hospitalisations":145},{"code":"60","hospitalisations":174},{"code":"61","hospitalisations":6},{"code":"62","hospitalisations":65},{"code":"63","hospitalisations":7},{"code":"64","hospitalisations":19},{"code":"65","hospitalisations":7},{"code":"66","hospitalisations":83},{"code":"67","hospitalisations":545},{"code":"68","hospitalisations":634},{"code":"69","hospitalisations":429},{"code":"70","hospitalisations":26},{"code":"71","hospitalisations":84},{"code":"72","hospitalisations":20},{"code":"73","hospitalisations":26},{"code":"74","hospitalisations":92},{"code":"75","hospitalisations":925},{"code":"76","hospitalisations":81},{"code":"77","hospitalisations":161},{"code":"78","hospitalisations":226},{"code":"79","hospitalisations":8},{"code":"80","hospitalisations":137},{"code":"81","hospitalisations":7},{"code":"82","hospitalisations":2},{"code":"83","hospitalisations":56},{"code":"84","hospitalisations":25},{"code":"85","hospitalisations":10},{"code":"86","hospitalisations":15},{"code":"87","hospitalisations":17},{"code":"88","hospitalisations":65},{"code":"89","hospitalisations":16},{"code":"90","hospitalisations":94},{"code":"91","hospitalisations":253},{"code":"92","hospitalisations":496},{"code":"93","hospitalisations":333},{"code":"94","hospitalisations":384},{"code":"95","hospitalisations":364},{"code":"971","hospitalisations":6},{"code":"972","hospitalisations":19},{"code":"973","hospitalisations":0},{"code":"974","hospitalisations":2},{"code":"976","hospitalisations":0}]