[{"code":"01","hospitalisations":133},{"code":"02","hospitalisations":242},{"code":"03","hospitalisations":35},{"code":"04","hospitalisations":18},{"code":"05","hospitalisations":34},{"code":"06","hospitalisations":202},{"code":"07","hospitalisations":130},{"code":"08","hospitalisations":53},{"code":"09","hospitalisations":3},{"code":"10","hospitalisations":116},{"code":"11","hospitalisations":20},{"code":"12","hospitalisations":23},{"code":"13","hospitalisations":790},{"code":"14","hospitalisations":146},{"code":"15","hospitalisations":20},{"code":"16","hospitalisations":3},{"code":"17","hospitalisations":49},{"code":"18","hospitalisations":72},{"code":"19","hospitalisations":65},{"code":"21","hospitalisations":174},{"code":"22","hospitalisations":53},{"code":"23","hospitalisations":18},{"code":"24","hospitalisations":23},{"code":"25","hospitalisations":128},{"code":"26","hospitalisations":81},{"code":"27","hospitalisations":112},{"code":"28","hospitalisations":200},{"code":"29","hospitalisations":56},{"code":"2A","hospitalisations":47},{"code":"2B","hospitalisations":5},{"code":"30","hospitalisations":98},{"code":"31","hospitalisations":105},{"code":"32","hospitalisations":20},{"code":"33","hospitalisations":174},{"code":"34","hospitalisations":66},{"code":"35","hospitalisations":110},{"code":"36","hospitalisations":106},{"code":"37","hospitalisations":141},{"code":"38","hospitalisations":157},{"code":"39","hospitalisations":75},{"code":"40","hospitalisations":14},{"code":"41","hospitalisations":143},{"code":"42","hospitalisations":336},{"code":"43","hospitalisations":24},{"code":"44","hospitalisations":185},{"code":"45","hospitalisations":197},{"code":"46","hospitalisations":13},{"code":"47","hospitalisations":25},{"code":"48","hospitalisations":0},{"code":"49","hospitalisations":149},{"code":"50","hospitalisations":48},{"code":"51","hospitalisations":299},{"code":"52","hospitalisations":93},{"code":"53","hospitalisations":65},{"code":"54","hospitalisations":296},{"code":"55","hospitalisations":146},{"code":"56","hospitalisations":109},{"code":"57","hospitalisations":651},{"code":"58","hospitalisations":42},{"code":"59","hospitalisations":757},{"code":"60","hospitalisations":384},{"code":"61","hospitalisations":61},{"code":"62","hospitalisations":365},{"code":"63","hospitalisations":27},{"code":"64","hospitalisations":35},{"code":"65","hospitalisations":44},{"code":"66","hospitalisations":9},{"code":"67","hospitalisations":757},{"code":"68","hospitalisations":761},{"code":"69","hospitalisations":912},{"code":"70","hospitalisations":79},{"code":"71","hospitalisations":203},{"code":"72","hospitalisations":127},{"code":"73","hospitalisations":55},{"code":"74","hospitalisations":179},{"code":"75","hospitalisations":1780},{"code":"76","hospitalisations":163},{"code":"77","hospitalisations":563},{"code":"78","hospitalisations":718},{"code":"79","hospitalisations":13},{"code":"80","hospitalisations":224},{"code":"81","hospitalisations":25},{"code":"82","hospitalisations":8},{"code":"83","hospitalisations":212},{"code":"84","hospitalisations":47},{"code":"85","hospitalisations":42},{"code":"86","hospitalisations":29},{"code":"87","hospitalisations":39},{"code":"88","hospitalisations":143},{"code":"89","hospitalisations":113},{"code":"90","hospitalisations":144},{"code":"91","hospitalisations":957},{"code":"92","hospitalisations":1544},{"code":"93","hospitalisations":1308},{"code":"94","hospitalisations":1550},{"code":"95","hospitalisations":802},{"code":"971","hospitalisations":14},{"code":"972","hospitalisations":19},{"code":"973","hospitalisations":8},{"code":"974","hospitalisations":14},{"code":"976","hospitalisations":47}]