[{"code":"01","hospitalisations":135},{"code":"02","hospitalisations":221},{"code":"03","hospitalisations":25},{"code":"04","hospitalisations":18},{"code":"05","hospitalisations":33},{"code":"06","hospitalisations":194},{"code":"07","hospitalisations":127},{"code":"08","hospitalisations":49},{"code":"09","hospitalisations":3},{"code":"10","hospitalisations":114},{"code":"11","hospitalisations":17},{"code":"12","hospitalisations":22},{"code":"13","hospitalisations":770},{"code":"14","hospitalisations":142},{"code":"15","hospitalisations":21},{"code":"16","hospitalisations":3},{"code":"17","hospitalisations":47},{"code":"18","hospitalisations":70},{"code":"19","hospitalisations":62},{"code":"21","hospitalisations":141},{"code":"22","hospitalisations":53},{"code":"23","hospitalisations":17},{"code":"24","hospitalisations":22},{"code":"25","hospitalisations":130},{"code":"26","hospitalisations":77},{"code":"27","hospitalisations":111},{"code":"28","hospitalisations":189},{"code":"29","hospitalisations":52},{"code":"2A","hospitalisations":42},{"code":"2B","hospitalisations":9},{"code":"30","hospitalisations":89},{"code":"31","hospitalisations":101},{"code":"32","hospitalisations":21},{"code":"33","hospitalisations":165},{"code":"34","hospitalisations":59},{"code":"35","hospitalisations":103},{"code":"36","hospitalisations":104},{"code":"37","hospitalisations":135},{"code":"38","hospitalisations":151},{"code":"39","hospitalisations":71},{"code":"40","hospitalisations":13},{"code":"41","hospitalisations":140},{"code":"42","hospitalisations":337},{"code":"43","hospitalisations":26},{"code":"44","hospitalisations":177},{"code":"45","hospitalisations":191},{"code":"46","hospitalisations":13},{"code":"47","hospitalisations":24},{"code":"48","hospitalisations":1},{"code":"49","hospitalisations":155},{"code":"50","hospitalisations":48},{"code":"51","hospitalisations":290},{"code":"52","hospitalisations":85},{"code":"53","hospitalisations":52},{"code":"54","hospitalisations":282},{"code":"55","hospitalisations":146},{"code":"56","hospitalisations":109},{"code":"57","hospitalisations":631},{"code":"58","hospitalisations":44},{"code":"59","hospitalisations":726},{"code":"60","hospitalisations":382},{"code":"61","hospitalisations":59},{"code":"62","hospitalisations":370},{"code":"63","hospitalisations":27},{"code":"64","hospitalisations":35},{"code":"65","hospitalisations":41},{"code":"66","hospitalisations":5},{"code":"67","hospitalisations":751},{"code":"68","hospitalisations":760},{"code":"69","hospitalisations":881},{"code":"70","hospitalisations":77},{"code":"71","hospitalisations":189},{"code":"72","hospitalisations":124},{"code":"73","hospitalisations":54},{"code":"74","hospitalisations":165},{"code":"75","hospitalisations":1743},{"code":"76","hospitalisations":160},{"code":"77","hospitalisations":560},{"code":"78","hospitalisations":695},{"code":"79","hospitalisations":12},{"code":"80","hospitalisations":217},{"code":"81","hospitalisations":28},{"code":"82","hospitalisations":7},{"code":"83","hospitalisations":209},{"code":"84","hospitalisations":44},{"code":"85","hospitalisations":44},{"code":"86","hospitalisations":22},{"code":"87","hospitalisations":36},{"code":"88","hospitalisations":136},{"code":"89","hospitalisations":110},{"code":"90","hospitalisations":134},{"code":"91","hospitalisations":952},{"code":"92","hospitalisations":1507},{"code":"93","hospitalisations":1251},{"code":"94","hospitalisations":1454},{"code":"95","hospitalisations":781},{"code":"971","hospitalisations":14},{"code":"972","hospitalisations":19},{"code":"973","hospitalisations":11},{"code":"974","hospitalisations":14},{"code":"976","hospitalisations":45}]