[{"code":"01","hospitalisations":118},{"code":"02","hospitalisations":279},{"code":"03","hospitalisations":60},{"code":"04","hospitalisations":35},{"code":"05","hospitalisations":50},{"code":"06","hospitalisations":267},{"code":"07","hospitalisations":102},{"code":"08","hospitalisations":69},{"code":"09","hospitalisations":15},{"code":"10","hospitalisations":219},{"code":"11","hospitalisations":66},{"code":"12","hospitalisations":55},{"code":"13","hospitalisations":1064},{"code":"14","hospitalisations":166},{"code":"15","hospitalisations":27},{"code":"16","hospitalisations":13},{"code":"17","hospitalisations":79},{"code":"18","hospitalisations":66},{"code":"19","hospitalisations":46},{"code":"21","hospitalisations":325},{"code":"22","hospitalisations":69},{"code":"23","hospitalisations":31},{"code":"24","hospitalisations":24},{"code":"25","hospitalisations":186},{"code":"26","hospitalisations":227},{"code":"27","hospitalisations":94},{"code":"28","hospitalisations":202},{"code":"29","hospitalisations":116},{"code":"2A","hospitalisations":70},{"code":"2B","hospitalisations":6},{"code":"30","hospitalisations":97},{"code":"31","hospitalisations":239},{"code":"32","hospitalisations":23},{"code":"33","hospitalisations":308},{"code":"34","hospitalisations":185},{"code":"35","hospitalisations":172},{"code":"36","hospitalisations":84},{"code":"37","hospitalisations":200},{"code":"38","hospitalisations":246},{"code":"39","hospitalisations":112},{"code":"40","hospitalisations":25},{"code":"41","hospitalisations":93},{"code":"42","hospitalisations":470},{"code":"43","hospitalisations":30},{"code":"44","hospitalisations":288},{"code":"45","hospitalisations":277},{"code":"46","hospitalisations":20},{"code":"47","hospitalisations":27},{"code":"48","hospitalisations":6},{"code":"49","hospitalisations":203},{"code":"50","hospitalisations":71},{"code":"51","hospitalisations":366},{"code":"52","hospitalisations":99},{"code":"53","hospitalisations":65},{"code":"54","hospitalisations":508},{"code":"55","hospitalisations":143},{"code":"56","hospitalisations":130},{"code":"57","hospitalisations":1038},{"code":"58","hospitalisations":53},{"code":"59","hospitalisations":935},{"code":"60","hospitalisations":444},{"code":"61","hospitalisations":67},{"code":"62","hospitalisations":434},{"code":"63","hospitalisations":72},{"code":"64","hospitalisations":92},{"code":"65","hospitalisations":74},{"code":"66","hospitalisations":78},{"code":"67","hospitalisations":1107},{"code":"68","hospitalisations":1026},{"code":"69","hospitalisations":1243},{"code":"70","hospitalisations":87},{"code":"71","hospitalisations":174},{"code":"72","hospitalisations":147},{"code":"73","hospitalisations":107},{"code":"74","hospitalisations":283},{"code":"75","hospitalisations":3219},{"code":"76","hospitalisations":328},{"code":"77","hospitalisations":798},{"code":"78","hospitalisations":1056},{"code":"79","hospitalisations":38},{"code":"80","hospitalisations":352},{"code":"81","hospitalisations":42},{"code":"82","hospitalisations":18},{"code":"83","hospitalisations":274},{"code":"84","hospitalisations":76},{"code":"85","hospitalisations":75},{"code":"86","hospitalisations":63},{"code":"87","hospitalisations":69},{"code":"88","hospitalisations":266},{"code":"89","hospitalisations":85},{"code":"90","hospitalisations":217},{"code":"91","hospitalisations":1206},{"code":"92","hospitalisations":1978},{"code":"93","hospitalisations":1619},{"code":"94","hospitalisations":2233},{"code":"95","hospitalisations":916},{"code":"971","hospitalisations":37},{"code":"972","hospitalisations":41},{"code":"973","hospitalisations":9},{"code":"974","hospitalisations":30},{"code":"976","hospitalisations":20}]