[{"code":"01","hospitalisations":29},{"code":"02","hospitalisations":115},{"code":"03","hospitalisations":12},{"code":"04","hospitalisations":8},{"code":"05","hospitalisations":23},{"code":"06","hospitalisations":75},{"code":"07","hospitalisations":48},{"code":"08","hospitalisations":5},{"code":"09","hospitalisations":7},{"code":"10","hospitalisations":44},{"code":"11","hospitalisations":37},{"code":"12","hospitalisations":17},{"code":"13","hospitalisations":376},{"code":"14","hospitalisations":46},{"code":"15","hospitalisations":7},{"code":"16","hospitalisations":18},{"code":"17","hospitalisations":26},{"code":"18","hospitalisations":7},{"code":"19","hospitalisations":15},{"code":"21","hospitalisations":153},{"code":"22","hospitalisations":15},{"code":"23","hospitalisations":4},{"code":"24","hospitalisations":29},{"code":"25","hospitalisations":84},{"code":"26","hospitalisations":90},{"code":"27","hospitalisations":22},{"code":"28","hospitalisations":50},{"code":"29","hospitalisations":33},{"code":"2A","hospitalisations":74},{"code":"2B","hospitalisations":7},{"code":"30","hospitalisations":19},{"code":"31","hospitalisations":108},{"code":"32","hospitalisations":11},{"code":"33","hospitalisations":144},{"code":"34","hospitalisations":135},{"code":"35","hospitalisations":41},{"code":"36","hospitalisations":23},{"code":"37","hospitalisations":25},{"code":"38","hospitalisations":79},{"code":"39","hospitalisations":28},{"code":"40","hospitalisations":9},{"code":"41","hospitalisations":11},{"code":"42","hospitalisations":210},{"code":"43","hospitalisations":11},{"code":"44","hospitalisations":89},{"code":"45","hospitalisations":49},{"code":"46","hospitalisations":3},{"code":"47","hospitalisations":17},{"code":"48","hospitalisations":8},{"code":"49","hospitalisations":67},{"code":"50","hospitalisations":21},{"code":"51","hospitalisations":180},{"code":"52","hospitalisations":23},{"code":"53","hospitalisations":21},{"code":"54","hospitalisations":192},{"code":"55","hospitalisations":107},{"code":"56","hospitalisations":69},{"code":"57","hospitalisations":567},{"code":"58","hospitalisations":3},{"code":"59","hospitalisations":239},{"code":"60","hospitalisations":210},{"code":"61","hospitalisations":11},{"code":"62","hospitalisations":103},{"code":"63","hospitalisations":17},{"code":"64","hospitalisations":32},{"code":"65","hospitalisations":7},{"code":"66","hospitalisations":98},{"code":"67","hospitalisations":690},{"code":"68","hospitalisations":802},{"code":"69","hospitalisations":570},{"code":"70","hospitalisations":44},{"code":"71","hospitalisations":109},{"code":"72","hospitalisations":26},{"code":"73","hospitalisations":41},{"code":"74","hospitalisations":116},{"code":"75","hospitalisations":1289},{"code":"76","hospitalisations":125},{"code":"77","hospitalisations":216},{"code":"78","hospitalisations":330},{"code":"79","hospitalisations":11},{"code":"80","hospitalisations":162},{"code":"81","hospitalisations":16},{"code":"82","hospitalisations":3},{"code":"83","hospitalisations":93},{"code":"84","hospitalisations":33},{"code":"85","hospitalisations":33},{"code":"86","hospitalisations":15},{"code":"87","hospitalisations":20},{"code":"88","hospitalisations":110},{"code":"89","hospitalisations":32},{"code":"90","hospitalisations":138},{"code":"91","hospitalisations":360},{"code":"92","hospitalisations":740},{"code":"93","hospitalisations":463},{"code":"94","hospitalisations":550},{"code":"95","hospitalisations":441},{"code":"971","hospitalisations":6},{"code":"972","hospitalisations":22},{"code":"973","hospitalisations":0},{"code":"974","hospitalisations":3},{"code":"976","hospitalisations":0}]