[{"code":"01","hospitalisations":170},{"code":"02","hospitalisations":304},{"code":"03","hospitalisations":62},{"code":"04","hospitalisations":45},{"code":"05","hospitalisations":38},{"code":"06","hospitalisations":276},{"code":"07","hospitalisations":103},{"code":"08","hospitalisations":66},{"code":"09","hospitalisations":13},{"code":"10","hospitalisations":256},{"code":"11","hospitalisations":65},{"code":"12","hospitalisations":67},{"code":"13","hospitalisations":1051},{"code":"14","hospitalisations":144},{"code":"15","hospitalisations":28},{"code":"16","hospitalisations":12},{"code":"17","hospitalisations":83},{"code":"18","hospitalisations":83},{"code":"19","hospitalisations":70},{"code":"21","hospitalisations":367},{"code":"22","hospitalisations":63},{"code":"23","hospitalisations":31},{"code":"24","hospitalisations":61},{"code":"25","hospitalisations":193},{"code":"26","hospitalisations":174},{"code":"27","hospitalisations":91},{"code":"28","hospitalisations":245},{"code":"29","hospitalisations":97},{"code":"2A","hospitalisations":62},{"code":"2B","hospitalisations":8},{"code":"30","hospitalisations":136},{"code":"31","hospitalisations":199},{"code":"32","hospitalisations":52},{"code":"33","hospitalisations":298},{"code":"34","hospitalisations":161},{"code":"35","hospitalisations":175},{"code":"36","hospitalisations":99},{"code":"37","hospitalisations":165},{"code":"38","hospitalisations":237},{"code":"39","hospitalisations":136},{"code":"40","hospitalisations":28},{"code":"41","hospitalisations":114},{"code":"42","hospitalisations":473},{"code":"43","hospitalisations":36},{"code":"44","hospitalisations":279},{"code":"45","hospitalisations":254},{"code":"46","hospitalisations":24},{"code":"47","hospitalisations":33},{"code":"48","hospitalisations":5},{"code":"49","hospitalisations":204},{"code":"50","hospitalisations":80},{"code":"51","hospitalisations":342},{"code":"52","hospitalisations":87},{"code":"53","hospitalisations":90},{"code":"54","hospitalisations":439},{"code":"55","hospitalisations":154},{"code":"56","hospitalisations":120},{"code":"57","hospitalisations":1006},{"code":"58","hospitalisations":58},{"code":"59","hospitalisations":957},{"code":"60","hospitalisations":495},{"code":"61","hospitalisations":66},{"code":"62","hospitalisations":475},{"code":"63","hospitalisations":69},{"code":"64","hospitalisations":79},{"code":"65","hospitalisations":83},{"code":"66","hospitalisations":31},{"code":"67","hospitalisations":1021},{"code":"68","hospitalisations":976},{"code":"69","hospitalisations":1229},{"code":"70","hospitalisations":90},{"code":"71","hospitalisations":209},{"code":"72","hospitalisations":136},{"code":"73","hospitalisations":87},{"code":"74","hospitalisations":268},{"code":"75","hospitalisations":2933},{"code":"76","hospitalisations":282},{"code":"77","hospitalisations":752},{"code":"78","hospitalisations":901},{"code":"79","hospitalisations":33},{"code":"80","hospitalisations":347},{"code":"81","hospitalisations":41},{"code":"82","hospitalisations":16},{"code":"83","hospitalisations":312},{"code":"84","hospitalisations":64},{"code":"85","hospitalisations":66},{"code":"86","hospitalisations":59},{"code":"87","hospitalisations":51},{"code":"88","hospitalisations":245},{"code":"89","hospitalisations":93},{"code":"90","hospitalisations":188},{"code":"91","hospitalisations":1201},{"code":"92","hospitalisations":1983},{"code":"93","hospitalisations":1562},{"code":"94","hospitalisations":2215},{"code":"95","hospitalisations":927},{"code":"971","hospitalisations":32},{"code":"972","hospitalisations":35},{"code":"973","hospitalisations":4},{"code":"974","hospitalisations":15},{"code":"976","hospitalisations":22}]