[{"code":"01","hospitalisations":137},{"code":"02","hospitalisations":190},{"code":"03","hospitalisations":21},{"code":"04","hospitalisations":17},{"code":"05","hospitalisations":29},{"code":"06","hospitalisations":182},{"code":"07","hospitalisations":120},{"code":"08","hospitalisations":51},{"code":"09","hospitalisations":3},{"code":"10","hospitalisations":115},{"code":"11","hospitalisations":20},{"code":"12","hospitalisations":20},{"code":"13","hospitalisations":743},{"code":"14","hospitalisations":134},{"code":"15","hospitalisations":21},{"code":"16","hospitalisations":7},{"code":"17","hospitalisations":44},{"code":"18","hospitalisations":66},{"code":"19","hospitalisations":63},{"code":"21","hospitalisations":133},{"code":"22","hospitalisations":53},{"code":"23","hospitalisations":18},{"code":"24","hospitalisations":22},{"code":"25","hospitalisations":118},{"code":"26","hospitalisations":76},{"code":"27","hospitalisations":107},{"code":"28","hospitalisations":184},{"code":"29","hospitalisations":49},{"code":"2A","hospitalisations":40},{"code":"2B","hospitalisations":8},{"code":"30","hospitalisations":84},{"code":"31","hospitalisations":96},{"code":"32","hospitalisations":13},{"code":"33","hospitalisations":168},{"code":"34","hospitalisations":48},{"code":"35","hospitalisations":92},{"code":"36","hospitalisations":101},{"code":"37","hospitalisations":129},{"code":"38","hospitalisations":147},{"code":"39","hospitalisations":70},{"code":"40","hospitalisations":12},{"code":"41","hospitalisations":133},{"code":"42","hospitalisations":290},{"code":"43","hospitalisations":22},{"code":"44","hospitalisations":159},{"code":"45","hospitalisations":177},{"code":"46","hospitalisations":12},{"code":"47","hospitalisations":23},{"code":"48","hospitalisations":2},{"code":"49","hospitalisations":151},{"code":"50","hospitalisations":49},{"code":"51","hospitalisations":229},{"code":"52","hospitalisations":86},{"code":"53","hospitalisations":43},{"code":"54","hospitalisations":229},{"code":"55","hospitalisations":143},{"code":"56","hospitalisations":92},{"code":"57","hospitalisations":617},{"code":"58","hospitalisations":38},{"code":"59","hospitalisations":711},{"code":"60","hospitalisations":381},{"code":"61","hospitalisations":53},{"code":"62","hospitalisations":344},{"code":"63","hospitalisations":29},{"code":"64","hospitalisations":32},{"code":"65","hospitalisations":40},{"code":"66","hospitalisations":6},{"code":"67","hospitalisations":731},{"code":"68","hospitalisations":704},{"code":"69","hospitalisations":804},{"code":"70","hospitalisations":79},{"code":"71","hospitalisations":189},{"code":"72","hospitalisations":126},{"code":"73","hospitalisations":50},{"code":"74","hospitalisations":161},{"code":"75","hospitalisations":1618},{"code":"76","hospitalisations":153},{"code":"77","hospitalisations":540},{"code":"78","hospitalisations":670},{"code":"79","hospitalisations":10},{"code":"80","hospitalisations":202},{"code":"81","hospitalisations":25},{"code":"82","hospitalisations":7},{"code":"83","hospitalisations":184},{"code":"84","hospitalisations":33},{"code":"85","hospitalisations":47},{"code":"86","hospitalisations":23},{"code":"87","hospitalisations":32},{"code":"88","hospitalisations":121},{"code":"89","hospitalisations":112},{"code":"90","hospitalisations":124},{"code":"91","hospitalisations":914},{"code":"92","hospitalisations":1454},{"code":"93","hospitalisations":1191},{"code":"94","hospitalisations":1406},{"code":"95","hospitalisations":744},{"code":"971","hospitalisations":14},{"code":"972","hospitalisations":19},{"code":"973","hospitalisations":7},{"code":"974","hospitalisations":13},{"code":"976","hospitalisations":52}]