[{"code":"01","hospitalisations":135},{"code":"02","hospitalisations":251},{"code":"03","hospitalisations":36},{"code":"04","hospitalisations":19},{"code":"05","hospitalisations":35},{"code":"06","hospitalisations":208},{"code":"07","hospitalisations":139},{"code":"08","hospitalisations":54},{"code":"09","hospitalisations":2},{"code":"10","hospitalisations":117},{"code":"11","hospitalisations":20},{"code":"12","hospitalisations":24},{"code":"13","hospitalisations":799},{"code":"14","hospitalisations":147},{"code":"15","hospitalisations":22},{"code":"16","hospitalisations":3},{"code":"17","hospitalisations":50},{"code":"18","hospitalisations":76},{"code":"19","hospitalisations":69},{"code":"21","hospitalisations":244},{"code":"22","hospitalisations":51},{"code":"23","hospitalisations":16},{"code":"24","hospitalisations":26},{"code":"25","hospitalisations":134},{"code":"26","hospitalisations":89},{"code":"27","hospitalisations":111},{"code":"28","hospitalisations":216},{"code":"29","hospitalisations":57},{"code":"2A","hospitalisations":47},{"code":"2B","hospitalisations":5},{"code":"30","hospitalisations":100},{"code":"31","hospitalisations":109},{"code":"32","hospitalisations":22},{"code":"33","hospitalisations":193},{"code":"34","hospitalisations":80},{"code":"35","hospitalisations":118},{"code":"36","hospitalisations":111},{"code":"37","hospitalisations":151},{"code":"38","hospitalisations":155},{"code":"39","hospitalisations":83},{"code":"40","hospitalisations":17},{"code":"41","hospitalisations":136},{"code":"42","hospitalisations":351},{"code":"43","hospitalisations":24},{"code":"44","hospitalisations":200},{"code":"45","hospitalisations":211},{"code":"46","hospitalisations":13},{"code":"47","hospitalisations":27},{"code":"48","hospitalisations":2},{"code":"49","hospitalisations":146},{"code":"50","hospitalisations":54},{"code":"51","hospitalisations":316},{"code":"52","hospitalisations":91},{"code":"53","hospitalisations":73},{"code":"54","hospitalisations":314},{"code":"55","hospitalisations":143},{"code":"56","hospitalisations":113},{"code":"57","hospitalisations":655},{"code":"58","hospitalisations":42},{"code":"59","hospitalisations":771},{"code":"60","hospitalisations":389},{"code":"61","hospitalisations":72},{"code":"62","hospitalisations":375},{"code":"63","hospitalisations":32},{"code":"64","hospitalisations":36},{"code":"65","hospitalisations":49},{"code":"66","hospitalisations":10},{"code":"67","hospitalisations":786},{"code":"68","hospitalisations":785},{"code":"69","hospitalisations":980},{"code":"70","hospitalisations":78},{"code":"71","hospitalisations":218},{"code":"72","hospitalisations":128},{"code":"73","hospitalisations":55},{"code":"74","hospitalisations":188},{"code":"75","hospitalisations":1863},{"code":"76","hospitalisations":169},{"code":"77","hospitalisations":565},{"code":"78","hospitalisations":747},{"code":"79","hospitalisations":13},{"code":"80","hospitalisations":238},{"code":"81","hospitalisations":25},{"code":"82","hospitalisations":10},{"code":"83","hospitalisations":222},{"code":"84","hospitalisations":54},{"code":"85","hospitalisations":44},{"code":"86","hospitalisations":36},{"code":"87","hospitalisations":35},{"code":"88","hospitalisations":173},{"code":"89","hospitalisations":107},{"code":"90","hospitalisations":143},{"code":"91","hospitalisations":966},{"code":"92","hospitalisations":1603},{"code":"93","hospitalisations":1379},{"code":"94","hospitalisations":1623},{"code":"95","hospitalisations":818},{"code":"971","hospitalisations":15},{"code":"972","hospitalisations":19},{"code":"973","hospitalisations":8},{"code":"974","hospitalisations":8},{"code":"976","hospitalisations":52}]