[{"code":"01","hospitalisations":2},{"code":"02","hospitalisations":52},{"code":"03","hospitalisations":1},{"code":"04","hospitalisations":3},{"code":"05","hospitalisations":13},{"code":"06","hospitalisations":43},{"code":"07","hospitalisations":15},{"code":"08","hospitalisations":1},{"code":"09","hospitalisations":2},{"code":"10","hospitalisations":12},{"code":"11","hospitalisations":26},{"code":"12","hospitalisations":12},{"code":"13","hospitalisations":174},{"code":"14","hospitalisations":4},{"code":"15","hospitalisations":4},{"code":"16","hospitalisations":1},{"code":"17","hospitalisations":9},{"code":"18","hospitalisations":0},{"code":"19","hospitalisations":1},{"code":"21","hospitalisations":82},{"code":"22","hospitalisations":5},{"code":"23","hospitalisations":0},{"code":"24","hospitalisations":3},{"code":"25","hospitalisations":43},{"code":"26","hospitalisations":38},{"code":"27","hospitalisations":4},{"code":"28","hospitalisations":12},{"code":"29","hospitalisations":20},{"code":"2A","hospitalisations":60},{"code":"2B","hospitalisations":6},{"code":"30","hospitalisations":8},{"code":"31","hospitalisations":35},{"code":"32","hospitalisations":3},{"code":"33","hospitalisations":10},{"code":"34","hospitalisations":61},{"code":"35","hospitalisations":20},{"code":"36","hospitalisations":4},{"code":"37","hospitalisations":12},{"code":"38","hospitalisations":27},{"code":"39","hospitalisations":6},{"code":"40","hospitalisations":0},{"code":"41","hospitalisations":4},{"code":"42","hospitalisations":63},{"code":"43","hospitalisations":2},{"code":"44","hospitalisations":30},{"code":"45","hospitalisations":26},{"code":"46","hospitalisations":0},{"code":"47","hospitalisations":10},{"code":"48","hospitalisations":1},{"code":"49","hospitalisations":22},{"code":"50","hospitalisations":12},{"code":"51","hospitalisations":54},{"code":"52","hospitalisations":8},{"code":"53","hospitalisations":7},{"code":"54","hospitalisations":65},{"code":"55","hospitalisations":46},{"code":"56","hospitalisations":49},{"code":"57","hospitalisations":257},{"code":"58","hospitalisations":1},{"code":"59","hospitalisations":112},{"code":"60","hospitalisations":123},{"code":"61","hospitalisations":3},{"code":"62","hospitalisations":50},{"code":"63","hospitalisations":4},{"code":"64","hospitalisations":8},{"code":"65","hospitalisations":2},{"code":"66","hospitalisations":26},{"code":"67","hospitalisations":366},{"code":"68","hospitalisations":509},{"code":"69","hospitalisations":236},{"code":"70","hospitalisations":26},{"code":"71","hospitalisations":53},{"code":"72","hospitalisations":8},{"code":"73","hospitalisations":17},{"code":"74","hospitalisations":54},{"code":"75","hospitalisations":575},{"code":"76","hospitalisations":48},{"code":"77","hospitalisations":79},{"code":"78","hospitalisations":136},{"code":"79","hospitalisations":5},{"code":"80","hospitalisations":95},{"code":"81","hospitalisations":6},{"code":"82","hospitalisations":1},{"code":"83","hospitalisations":35},{"code":"84","hospitalisations":13},{"code":"85","hospitalisations":6},{"code":"86","hospitalisations":11},{"code":"87","hospitalisations":7},{"code":"88","hospitalisations":46},{"code":"89","hospitalisations":10},{"code":"90","hospitalisations":49},{"code":"91","hospitalisations":122},{"code":"92","hospitalisations":254},{"code":"93","hospitalisations":201},{"code":"94","hospitalisations":226},{"code":"95","hospitalisations":192},{"code":"971","hospitalisations":0},{"code":"972","hospitalisations":19},{"code":"973","hospitalisations":0},{"code":"974","hospitalisations":2},{"code":"976","hospitalisations":0}]