[{"code":"01","hospitalisations":161},{"code":"02","hospitalisations":285},{"code":"03","hospitalisations":45},{"code":"04","hospitalisations":26},{"code":"05","hospitalisations":33},{"code":"06","hospitalisations":255},{"code":"07","hospitalisations":143},{"code":"08","hospitalisations":46},{"code":"09","hospitalisations":10},{"code":"10","hospitalisations":226},{"code":"11","hospitalisations":51},{"code":"12","hospitalisations":39},{"code":"13","hospitalisations":964},{"code":"14","hospitalisations":149},{"code":"15","hospitalisations":27},{"code":"16","hospitalisations":8},{"code":"17","hospitalisations":68},{"code":"18","hospitalisations":92},{"code":"19","hospitalisations":76},{"code":"21","hospitalisations":285},{"code":"22","hospitalisations":48},{"code":"23","hospitalisations":34},{"code":"24","hospitalisations":27},{"code":"25","hospitalisations":168},{"code":"26","hospitalisations":123},{"code":"27","hospitalisations":113},{"code":"28","hospitalisations":223},{"code":"29","hospitalisations":64},{"code":"2A","hospitalisations":46},{"code":"2B","hospitalisations":10},{"code":"30","hospitalisations":130},{"code":"31","hospitalisations":131},{"code":"32","hospitalisations":35},{"code":"33","hospitalisations":234},{"code":"34","hospitalisations":110},{"code":"35","hospitalisations":150},{"code":"36","hospitalisations":120},{"code":"37","hospitalisations":162},{"code":"38","hospitalisations":191},{"code":"39","hospitalisations":93},{"code":"40","hospitalisations":19},{"code":"41","hospitalisations":127},{"code":"42","hospitalisations":398},{"code":"43","hospitalisations":31},{"code":"44","hospitalisations":229},{"code":"45","hospitalisations":237},{"code":"46","hospitalisations":15},{"code":"47","hospitalisations":32},{"code":"48","hospitalisations":1},{"code":"49","hospitalisations":166},{"code":"50","hospitalisations":51},{"code":"51","hospitalisations":327},{"code":"52","hospitalisations":77},{"code":"53","hospitalisations":85},{"code":"54","hospitalisations":375},{"code":"55","hospitalisations":127},{"code":"56","hospitalisations":130},{"code":"57","hospitalisations":823},{"code":"58","hospitalisations":51},{"code":"59","hospitalisations":855},{"code":"60","hospitalisations":441},{"code":"61","hospitalisations":65},{"code":"62","hospitalisations":423},{"code":"63","hospitalisations":44},{"code":"64","hospitalisations":50},{"code":"65","hospitalisations":71},{"code":"66","hospitalisations":19},{"code":"67","hospitalisations":887},{"code":"68","hospitalisations":867},{"code":"69","hospitalisations":1091},{"code":"70","hospitalisations":97},{"code":"71","hospitalisations":243},{"code":"72","hospitalisations":126},{"code":"73","hospitalisations":76},{"code":"74","hospitalisations":207},{"code":"75","hospitalisations":2348},{"code":"76","hospitalisations":204},{"code":"77","hospitalisations":665},{"code":"78","hospitalisations":826},{"code":"79","hospitalisations":28},{"code":"80","hospitalisations":275},{"code":"81","hospitalisations":41},{"code":"82","hospitalisations":12},{"code":"83","hospitalisations":243},{"code":"84","hospitalisations":79},{"code":"85","hospitalisations":44},{"code":"86","hospitalisations":47},{"code":"87","hospitalisations":40},{"code":"88","hospitalisations":232},{"code":"89","hospitalisations":110},{"code":"90","hospitalisations":139},{"code":"91","hospitalisations":1172},{"code":"92","hospitalisations":1792},{"code":"93","hospitalisations":1470},{"code":"94","hospitalisations":1881},{"code":"95","hospitalisations":931},{"code":"971","hospitalisations":21},{"code":"972","hospitalisations":32},{"code":"973","hospitalisations":1},{"code":"974","hospitalisations":4},{"code":"976","hospitalisations":35}]