[{"code":"01","hospitalisations":115},{"code":"02","hospitalisations":223},{"code":"03","hospitalisations":50},{"code":"04","hospitalisations":35},{"code":"05","hospitalisations":63},{"code":"06","hospitalisations":233},{"code":"07","hospitalisations":102},{"code":"08","hospitalisations":73},{"code":"09","hospitalisations":18},{"code":"10","hospitalisations":151},{"code":"11","hospitalisations":76},{"code":"12","hospitalisations":59},{"code":"13","hospitalisations":1169},{"code":"14","hospitalisations":146},{"code":"15","hospitalisations":28},{"code":"16","hospitalisations":15},{"code":"17","hospitalisations":81},{"code":"18","hospitalisations":55},{"code":"19","hospitalisations":44},{"code":"21","hospitalisations":284},{"code":"22","hospitalisations":75},{"code":"23","hospitalisations":11},{"code":"24","hospitalisations":28},{"code":"25","hospitalisations":183},{"code":"26","hospitalisations":260},{"code":"27","hospitalisations":67},{"code":"28","hospitalisations":166},{"code":"29","hospitalisations":93},{"code":"2A","hospitalisations":76},{"code":"2B","hospitalisations":16},{"code":"30","hospitalisations":106},{"code":"31","hospitalisations":235},{"code":"32","hospitalisations":28},{"code":"33","hospitalisations":312},{"code":"34","hospitalisations":265},{"code":"35","hospitalisations":156},{"code":"36","hospitalisations":63},{"code":"37","hospitalisations":181},{"code":"38","hospitalisations":241},{"code":"39","hospitalisations":77},{"code":"40","hospitalisations":21},{"code":"41","hospitalisations":83},{"code":"42","hospitalisations":487},{"code":"43","hospitalisations":30},{"code":"44","hospitalisations":261},{"code":"45","hospitalisations":245},{"code":"46","hospitalisations":19},{"code":"47","hospitalisations":31},{"code":"48","hospitalisations":8},{"code":"49","hospitalisations":165},{"code":"50","hospitalisations":70},{"code":"51","hospitalisations":389},{"code":"52","hospitalisations":109},{"code":"53","hospitalisations":76},{"code":"54","hospitalisations":512},{"code":"55","hospitalisations":169},{"code":"56","hospitalisations":147},{"code":"57","hospitalisations":1011},{"code":"58","hospitalisations":36},{"code":"59","hospitalisations":872},{"code":"60","hospitalisations":377},{"code":"61","hospitalisations":65},{"code":"62","hospitalisations":391},{"code":"63","hospitalisations":84},{"code":"64","hospitalisations":85},{"code":"65","hospitalisations":55},{"code":"66","hospitalisations":105},{"code":"67","hospitalisations":1078},{"code":"68","hospitalisations":1040},{"code":"69","hospitalisations":1223},{"code":"70","hospitalisations":79},{"code":"71","hospitalisations":193},{"code":"72","hospitalisations":106},{"code":"73","hospitalisations":118},{"code":"74","hospitalisations":292},{"code":"75","hospitalisations":3119},{"code":"76","hospitalisations":364},{"code":"77","hospitalisations":692},{"code":"78","hospitalisations":963},{"code":"79","hospitalisations":28},{"code":"80","hospitalisations":364},{"code":"81","hospitalisations":55},{"code":"82","hospitalisations":18},{"code":"83","hospitalisations":240},{"code":"84","hospitalisations":87},{"code":"85","hospitalisations":77},{"code":"86","hospitalisations":61},{"code":"87","hospitalisations":66},{"code":"88","hospitalisations":269},{"code":"89","hospitalisations":103},{"code":"90","hospitalisations":221},{"code":"91","hospitalisations":943},{"code":"92","hospitalisations":1978},{"code":"93","hospitalisations":1406},{"code":"94","hospitalisations":1811},{"code":"95","hospitalisations":850},{"code":"971","hospitalisations":40},{"code":"972","hospitalisations":55},{"code":"973","hospitalisations":7},{"code":"974","hospitalisations":45},{"code":"976","hospitalisations":16}]