[{"code":"01","hospitalisations":124},{"code":"02","hospitalisations":189},{"code":"03","hospitalisations":17},{"code":"04","hospitalisations":17},{"code":"05","hospitalisations":28},{"code":"06","hospitalisations":140},{"code":"07","hospitalisations":97},{"code":"08","hospitalisations":75},{"code":"09","hospitalisations":3},{"code":"10","hospitalisations":108},{"code":"11","hospitalisations":20},{"code":"12","hospitalisations":16},{"code":"13","hospitalisations":707},{"code":"14","hospitalisations":120},{"code":"15","hospitalisations":20},{"code":"16","hospitalisations":5},{"code":"17","hospitalisations":36},{"code":"18","hospitalisations":59},{"code":"19","hospitalisations":56},{"code":"21","hospitalisations":108},{"code":"22","hospitalisations":52},{"code":"23","hospitalisations":20},{"code":"24","hospitalisations":18},{"code":"25","hospitalisations":90},{"code":"26","hospitalisations":67},{"code":"27","hospitalisations":93},{"code":"28","hospitalisations":175},{"code":"29","hospitalisations":35},{"code":"2A","hospitalisations":33},{"code":"2B","hospitalisations":6},{"code":"30","hospitalisations":71},{"code":"31","hospitalisations":82},{"code":"32","hospitalisations":8},{"code":"33","hospitalisations":160},{"code":"34","hospitalisations":37},{"code":"35","hospitalisations":86},{"code":"36","hospitalisations":97},{"code":"37","hospitalisations":116},{"code":"38","hospitalisations":116},{"code":"39","hospitalisations":58},{"code":"40","hospitalisations":13},{"code":"41","hospitalisations":125},{"code":"42","hospitalisations":264},{"code":"43","hospitalisations":18},{"code":"44","hospitalisations":138},{"code":"45","hospitalisations":153},{"code":"46","hospitalisations":12},{"code":"47","hospitalisations":22},{"code":"48","hospitalisations":1},{"code":"49","hospitalisations":132},{"code":"50","hospitalisations":46},{"code":"51","hospitalisations":183},{"code":"52","hospitalisations":80},{"code":"53","hospitalisations":38},{"code":"54","hospitalisations":208},{"code":"55","hospitalisations":162},{"code":"56","hospitalisations":65},{"code":"57","hospitalisations":544},{"code":"58","hospitalisations":38},{"code":"59","hospitalisations":664},{"code":"60","hospitalisations":352},{"code":"61","hospitalisations":56},{"code":"62","hospitalisations":300},{"code":"63","hospitalisations":31},{"code":"64","hospitalisations":29},{"code":"65","hospitalisations":32},{"code":"66","hospitalisations":4},{"code":"67","hospitalisations":620},{"code":"68","hospitalisations":677},{"code":"69","hospitalisations":729},{"code":"70","hospitalisations":73},{"code":"71","hospitalisations":179},{"code":"72","hospitalisations":109},{"code":"73","hospitalisations":45},{"code":"74","hospitalisations":143},{"code":"75","hospitalisations":1411},{"code":"76","hospitalisations":149},{"code":"77","hospitalisations":491},{"code":"78","hospitalisations":632},{"code":"79","hospitalisations":11},{"code":"80","hospitalisations":178},{"code":"81","hospitalisations":22},{"code":"82","hospitalisations":6},{"code":"83","hospitalisations":163},{"code":"84","hospitalisations":29},{"code":"85","hospitalisations":61},{"code":"86","hospitalisations":18},{"code":"87","hospitalisations":24},{"code":"88","hospitalisations":83},{"code":"89","hospitalisations":103},{"code":"90","hospitalisations":109},{"code":"91","hospitalisations":851},{"code":"92","hospitalisations":1293},{"code":"93","hospitalisations":1084},{"code":"94","hospitalisations":1264},{"code":"95","hospitalisations":666},{"code":"971","hospitalisations":14},{"code":"972","hospitalisations":19},{"code":"973","hospitalisations":13},{"code":"974","hospitalisations":12},{"code":"976","hospitalisations":53}]