[{"code":"01","hospitalisations":100},{"code":"02","hospitalisations":210},{"code":"03","hospitalisations":40},{"code":"04","hospitalisations":29},{"code":"05","hospitalisations":64},{"code":"06","hospitalisations":203},{"code":"07","hospitalisations":95},{"code":"08","hospitalisations":67},{"code":"09","hospitalisations":16},{"code":"10","hospitalisations":110},{"code":"11","hospitalisations":99},{"code":"12","hospitalisations":60},{"code":"13","hospitalisations":1022},{"code":"14","hospitalisations":131},{"code":"15","hospitalisations":24},{"code":"16","hospitalisations":18},{"code":"17","hospitalisations":74},{"code":"18","hospitalisations":43},{"code":"19","hospitalisations":42},{"code":"21","hospitalisations":212},{"code":"22","hospitalisations":65},{"code":"23","hospitalisations":11},{"code":"24","hospitalisations":20},{"code":"25","hospitalisations":173},{"code":"26","hospitalisations":250},{"code":"27","hospitalisations":63},{"code":"28","hospitalisations":151},{"code":"29","hospitalisations":74},{"code":"2A","hospitalisations":72},{"code":"2B","hospitalisations":16},{"code":"30","hospitalisations":70},{"code":"31","hospitalisations":226},{"code":"32","hospitalisations":27},{"code":"33","hospitalisations":311},{"code":"34","hospitalisations":264},{"code":"35","hospitalisations":129},{"code":"36","hospitalisations":47},{"code":"37","hospitalisations":148},{"code":"38","hospitalisations":202},{"code":"39","hospitalisations":60},{"code":"40","hospitalisations":17},{"code":"41","hospitalisations":67},{"code":"42","hospitalisations":449},{"code":"43","hospitalisations":20},{"code":"44","hospitalisations":216},{"code":"45","hospitalisations":218},{"code":"46","hospitalisations":19},{"code":"47","hospitalisations":29},{"code":"48","hospitalisations":9},{"code":"49","hospitalisations":152},{"code":"50","hospitalisations":59},{"code":"51","hospitalisations":355},{"code":"52","hospitalisations":82},{"code":"53","hospitalisations":66},{"code":"54","hospitalisations":501},{"code":"55","hospitalisations":154},{"code":"56","hospitalisations":143},{"code":"57","hospitalisations":1026},{"code":"58","hospitalisations":21},{"code":"59","hospitalisations":729},{"code":"60","hospitalisations":356},{"code":"61","hospitalisations":59},{"code":"62","hospitalisations":343},{"code":"63","hospitalisations":71},{"code":"64","hospitalisations":77},{"code":"65","hospitalisations":40},{"code":"66","hospitalisations":103},{"code":"67","hospitalisations":1064},{"code":"68","hospitalisations":1100},{"code":"69","hospitalisations":1202},{"code":"70","hospitalisations":81},{"code":"71","hospitalisations":163},{"code":"72","hospitalisations":109},{"code":"73","hospitalisations":109},{"code":"74","hospitalisations":276},{"code":"75","hospitalisations":2897},{"code":"76","hospitalisations":338},{"code":"77","hospitalisations":694},{"code":"78","hospitalisations":858},{"code":"79","hospitalisations":28},{"code":"80","hospitalisations":329},{"code":"81","hospitalisations":60},{"code":"82","hospitalisations":14},{"code":"83","hospitalisations":197},{"code":"84","hospitalisations":78},{"code":"85","hospitalisations":65},{"code":"86","hospitalisations":47},{"code":"87","hospitalisations":61},{"code":"88","hospitalisations":253},{"code":"89","hospitalisations":101},{"code":"90","hospitalisations":217},{"code":"91","hospitalisations":831},{"code":"92","hospitalisations":1848},{"code":"93","hospitalisations":1267},{"code":"94","hospitalisations":1613},{"code":"95","hospitalisations":816},{"code":"971","hospitalisations":36},{"code":"972","hospitalisations":53},{"code":"973","hospitalisations":7},{"code":"974","hospitalisations":53},{"code":"976","hospitalisations":18}]