[{"code":"01","hospitalisations":133},{"code":"02","hospitalisations":191},{"code":"03","hospitalisations":18},{"code":"04","hospitalisations":19},{"code":"05","hospitalisations":29},{"code":"06","hospitalisations":162},{"code":"07","hospitalisations":97},{"code":"08","hospitalisations":50},{"code":"09","hospitalisations":3},{"code":"10","hospitalisations":106},{"code":"11","hospitalisations":24},{"code":"12","hospitalisations":16},{"code":"13","hospitalisations":717},{"code":"14","hospitalisations":128},{"code":"15","hospitalisations":20},{"code":"16","hospitalisations":6},{"code":"17","hospitalisations":39},{"code":"18","hospitalisations":58},{"code":"19","hospitalisations":58},{"code":"21","hospitalisations":119},{"code":"22","hospitalisations":54},{"code":"23","hospitalisations":17},{"code":"24","hospitalisations":18},{"code":"25","hospitalisations":108},{"code":"26","hospitalisations":72},{"code":"27","hospitalisations":94},{"code":"28","hospitalisations":179},{"code":"29","hospitalisations":37},{"code":"2A","hospitalisations":36},{"code":"2B","hospitalisations":6},{"code":"30","hospitalisations":84},{"code":"31","hospitalisations":82},{"code":"32","hospitalisations":14},{"code":"33","hospitalisations":167},{"code":"34","hospitalisations":42},{"code":"35","hospitalisations":84},{"code":"36","hospitalisations":99},{"code":"37","hospitalisations":125},{"code":"38","hospitalisations":127},{"code":"39","hospitalisations":64},{"code":"40","hospitalisations":12},{"code":"41","hospitalisations":129},{"code":"42","hospitalisations":282},{"code":"43","hospitalisations":18},{"code":"44","hospitalisations":148},{"code":"45","hospitalisations":161},{"code":"46","hospitalisations":10},{"code":"47","hospitalisations":23},{"code":"48","hospitalisations":1},{"code":"49","hospitalisations":146},{"code":"50","hospitalisations":47},{"code":"51","hospitalisations":189},{"code":"52","hospitalisations":84},{"code":"53","hospitalisations":39},{"code":"54","hospitalisations":220},{"code":"55","hospitalisations":158},{"code":"56","hospitalisations":87},{"code":"57","hospitalisations":565},{"code":"58","hospitalisations":38},{"code":"59","hospitalisations":689},{"code":"60","hospitalisations":376},{"code":"61","hospitalisations":52},{"code":"62","hospitalisations":318},{"code":"63","hospitalisations":33},{"code":"64","hospitalisations":30},{"code":"65","hospitalisations":39},{"code":"66","hospitalisations":5},{"code":"67","hospitalisations":657},{"code":"68","hospitalisations":684},{"code":"69","hospitalisations":779},{"code":"70","hospitalisations":78},{"code":"71","hospitalisations":181},{"code":"72","hospitalisations":119},{"code":"73","hospitalisations":49},{"code":"74","hospitalisations":154},{"code":"75","hospitalisations":1536},{"code":"76","hospitalisations":149},{"code":"77","hospitalisations":509},{"code":"78","hospitalisations":628},{"code":"79","hospitalisations":11},{"code":"80","hospitalisations":192},{"code":"81","hospitalisations":22},{"code":"82","hospitalisations":6},{"code":"83","hospitalisations":163},{"code":"84","hospitalisations":31},{"code":"85","hospitalisations":48},{"code":"86","hospitalisations":17},{"code":"87","hospitalisations":30},{"code":"88","hospitalisations":93},{"code":"89","hospitalisations":109},{"code":"90","hospitalisations":113},{"code":"91","hospitalisations":885},{"code":"92","hospitalisations":1360},{"code":"93","hospitalisations":1126},{"code":"94","hospitalisations":1368},{"code":"95","hospitalisations":696},{"code":"971","hospitalisations":14},{"code":"972","hospitalisations":19},{"code":"973","hospitalisations":9},{"code":"974","hospitalisations":12},{"code":"976","hospitalisations":54}]