[{"code":"01","hospitalisations":139},{"code":"02","hospitalisations":208},{"code":"03","hospitalisations":22},{"code":"04","hospitalisations":18},{"code":"05","hospitalisations":32},{"code":"06","hospitalisations":185},{"code":"07","hospitalisations":120},{"code":"08","hospitalisations":49},{"code":"09","hospitalisations":3},{"code":"10","hospitalisations":111},{"code":"11","hospitalisations":23},{"code":"12","hospitalisations":23},{"code":"13","hospitalisations":763},{"code":"14","hospitalisations":138},{"code":"15","hospitalisations":21},{"code":"16","hospitalisations":7},{"code":"17","hospitalisations":47},{"code":"18","hospitalisations":68},{"code":"19","hospitalisations":67},{"code":"21","hospitalisations":135},{"code":"22","hospitalisations":51},{"code":"23","hospitalisations":17},{"code":"24","hospitalisations":23},{"code":"25","hospitalisations":128},{"code":"26","hospitalisations":73},{"code":"27","hospitalisations":112},{"code":"28","hospitalisations":189},{"code":"29","hospitalisations":51},{"code":"2A","hospitalisations":40},{"code":"2B","hospitalisations":8},{"code":"30","hospitalisations":88},{"code":"31","hospitalisations":99},{"code":"32","hospitalisations":18},{"code":"33","hospitalisations":165},{"code":"34","hospitalisations":56},{"code":"35","hospitalisations":92},{"code":"36","hospitalisations":101},{"code":"37","hospitalisations":133},{"code":"38","hospitalisations":153},{"code":"39","hospitalisations":72},{"code":"40","hospitalisations":12},{"code":"41","hospitalisations":135},{"code":"42","hospitalisations":294},{"code":"43","hospitalisations":25},{"code":"44","hospitalisations":170},{"code":"45","hospitalisations":185},{"code":"46","hospitalisations":12},{"code":"47","hospitalisations":24},{"code":"48","hospitalisations":2},{"code":"49","hospitalisations":154},{"code":"50","hospitalisations":51},{"code":"51","hospitalisations":284},{"code":"52","hospitalisations":87},{"code":"53","hospitalisations":48},{"code":"54","hospitalisations":248},{"code":"55","hospitalisations":142},{"code":"56","hospitalisations":95},{"code":"57","hospitalisations":635},{"code":"58","hospitalisations":39},{"code":"59","hospitalisations":715},{"code":"60","hospitalisations":377},{"code":"61","hospitalisations":56},{"code":"62","hospitalisations":359},{"code":"63","hospitalisations":29},{"code":"64","hospitalisations":33},{"code":"65","hospitalisations":40},{"code":"66","hospitalisations":6},{"code":"67","hospitalisations":747},{"code":"68","hospitalisations":731},{"code":"69","hospitalisations":826},{"code":"70","hospitalisations":78},{"code":"71","hospitalisations":187},{"code":"72","hospitalisations":126},{"code":"73","hospitalisations":53},{"code":"74","hospitalisations":165},{"code":"75","hospitalisations":1701},{"code":"76","hospitalisations":154},{"code":"77","hospitalisations":549},{"code":"78","hospitalisations":682},{"code":"79","hospitalisations":10},{"code":"80","hospitalisations":213},{"code":"81","hospitalisations":28},{"code":"82","hospitalisations":8},{"code":"83","hospitalisations":191},{"code":"84","hospitalisations":35},{"code":"85","hospitalisations":46},{"code":"86","hospitalisations":22},{"code":"87","hospitalisations":36},{"code":"88","hospitalisations":136},{"code":"89","hospitalisations":110},{"code":"90","hospitalisations":130},{"code":"91","hospitalisations":947},{"code":"92","hospitalisations":1474},{"code":"93","hospitalisations":1215},{"code":"94","hospitalisations":1449},{"code":"95","hospitalisations":751},{"code":"971","hospitalisations":14},{"code":"972","hospitalisations":19},{"code":"973","hospitalisations":10},{"code":"974","hospitalisations":14},{"code":"976","hospitalisations":47}]