[{"code":"01","hospitalisations":173},{"code":"02","hospitalisations":271},{"code":"03","hospitalisations":57},{"code":"04","hospitalisations":34},{"code":"05","hospitalisations":38},{"code":"06","hospitalisations":276},{"code":"07","hospitalisations":110},{"code":"08","hospitalisations":68},{"code":"09","hospitalisations":14},{"code":"10","hospitalisations":266},{"code":"11","hospitalisations":68},{"code":"12","hospitalisations":65},{"code":"13","hospitalisations":1131},{"code":"14","hospitalisations":139},{"code":"15","hospitalisations":22},{"code":"16","hospitalisations":11},{"code":"17","hospitalisations":85},{"code":"18","hospitalisations":78},{"code":"19","hospitalisations":61},{"code":"21","hospitalisations":391},{"code":"22","hospitalisations":70},{"code":"23","hospitalisations":32},{"code":"24","hospitalisations":55},{"code":"25","hospitalisations":192},{"code":"26","hospitalisations":173},{"code":"27","hospitalisations":96},{"code":"28","hospitalisations":254},{"code":"29","hospitalisations":101},{"code":"2A","hospitalisations":63},{"code":"2B","hospitalisations":13},{"code":"30","hospitalisations":114},{"code":"31","hospitalisations":196},{"code":"32","hospitalisations":42},{"code":"33","hospitalisations":282},{"code":"34","hospitalisations":167},{"code":"35","hospitalisations":181},{"code":"36","hospitalisations":99},{"code":"37","hospitalisations":173},{"code":"38","hospitalisations":247},{"code":"39","hospitalisations":139},{"code":"40","hospitalisations":30},{"code":"41","hospitalisations":109},{"code":"42","hospitalisations":470},{"code":"43","hospitalisations":39},{"code":"44","hospitalisations":282},{"code":"45","hospitalisations":250},{"code":"46","hospitalisations":22},{"code":"47","hospitalisations":32},{"code":"48","hospitalisations":5},{"code":"49","hospitalisations":205},{"code":"50","hospitalisations":72},{"code":"51","hospitalisations":344},{"code":"52","hospitalisations":84},{"code":"53","hospitalisations":91},{"code":"54","hospitalisations":443},{"code":"55","hospitalisations":152},{"code":"56","hospitalisations":116},{"code":"57","hospitalisations":1024},{"code":"58","hospitalisations":60},{"code":"59","hospitalisations":923},{"code":"60","hospitalisations":494},{"code":"61","hospitalisations":67},{"code":"62","hospitalisations":475},{"code":"63","hospitalisations":70},{"code":"64","hospitalisations":79},{"code":"65","hospitalisations":76},{"code":"66","hospitalisations":32},{"code":"67","hospitalisations":1010},{"code":"68","hospitalisations":972},{"code":"69","hospitalisations":1215},{"code":"70","hospitalisations":96},{"code":"71","hospitalisations":202},{"code":"72","hospitalisations":141},{"code":"73","hospitalisations":88},{"code":"74","hospitalisations":278},{"code":"75","hospitalisations":3013},{"code":"76","hospitalisations":283},{"code":"77","hospitalisations":768},{"code":"78","hospitalisations":882},{"code":"79","hospitalisations":35},{"code":"80","hospitalisations":353},{"code":"81","hospitalisations":45},{"code":"82","hospitalisations":14},{"code":"83","hospitalisations":303},{"code":"84","hospitalisations":64},{"code":"85","hospitalisations":68},{"code":"86","hospitalisations":51},{"code":"87","hospitalisations":59},{"code":"88","hospitalisations":269},{"code":"89","hospitalisations":90},{"code":"90","hospitalisations":181},{"code":"91","hospitalisations":1176},{"code":"92","hospitalisations":1956},{"code":"93","hospitalisations":1571},{"code":"94","hospitalisations":2217},{"code":"95","hospitalisations":907},{"code":"971","hospitalisations":33},{"code":"972","hospitalisations":36},{"code":"973","hospitalisations":8},{"code":"974","hospitalisations":14},{"code":"976","hospitalisations":24}]