[{"code":"01","hospitalisations":72},{"code":"02","hospitalisations":144},{"code":"03","hospitalisations":36},{"code":"04","hospitalisations":20},{"code":"05","hospitalisations":42},{"code":"06","hospitalisations":132},{"code":"07","hospitalisations":87},{"code":"08","hospitalisations":48},{"code":"09","hospitalisations":12},{"code":"10","hospitalisations":79},{"code":"11","hospitalisations":75},{"code":"12","hospitalisations":43},{"code":"13","hospitalisations":862},{"code":"14","hospitalisations":96},{"code":"15","hospitalisations":12},{"code":"16","hospitalisations":14},{"code":"17","hospitalisations":56},{"code":"18","hospitalisations":38},{"code":"19","hospitalisations":38},{"code":"21","hospitalisations":166},{"code":"22","hospitalisations":39},{"code":"23","hospitalisations":9},{"code":"24","hospitalisations":10},{"code":"25","hospitalisations":148},{"code":"26","hospitalisations":214},{"code":"27","hospitalisations":43},{"code":"28","hospitalisations":121},{"code":"29","hospitalisations":49},{"code":"2A","hospitalisations":89},{"code":"2B","hospitalisations":10},{"code":"30","hospitalisations":55},{"code":"31","hospitalisations":219},{"code":"32","hospitalisations":19},{"code":"33","hospitalisations":300},{"code":"34","hospitalisations":236},{"code":"35","hospitalisations":94},{"code":"36","hospitalisations":43},{"code":"37","hospitalisations":101},{"code":"38","hospitalisations":175},{"code":"39","hospitalisations":52},{"code":"40","hospitalisations":15},{"code":"41","hospitalisations":49},{"code":"42","hospitalisations":415},{"code":"43","hospitalisations":16},{"code":"44","hospitalisations":159},{"code":"45","hospitalisations":151},{"code":"46","hospitalisations":5},{"code":"47","hospitalisations":25},{"code":"48","hospitalisations":7},{"code":"49","hospitalisations":144},{"code":"50","hospitalisations":46},{"code":"51","hospitalisations":324},{"code":"52","hospitalisations":65},{"code":"53","hospitalisations":55},{"code":"54","hospitalisations":391},{"code":"55","hospitalisations":141},{"code":"56","hospitalisations":117},{"code":"57","hospitalisations":947},{"code":"58","hospitalisations":12},{"code":"59","hospitalisations":573},{"code":"60","hospitalisations":278},{"code":"61","hospitalisations":37},{"code":"62","hospitalisations":215},{"code":"63","hospitalisations":59},{"code":"64","hospitalisations":72},{"code":"65","hospitalisations":28},{"code":"66","hospitalisations":122},{"code":"67","hospitalisations":963},{"code":"68","hospitalisations":1041},{"code":"69","hospitalisations":1054},{"code":"70","hospitalisations":69},{"code":"71","hospitalisations":191},{"code":"72","hospitalisations":101},{"code":"73","hospitalisations":101},{"code":"74","hospitalisations":246},{"code":"75","hospitalisations":2434},{"code":"76","hospitalisations":313},{"code":"77","hospitalisations":534},{"code":"78","hospitalisations":706},{"code":"79","hospitalisations":29},{"code":"80","hospitalisations":254},{"code":"81","hospitalisations":45},{"code":"82","hospitalisations":8},{"code":"83","hospitalisations":180},{"code":"84","hospitalisations":60},{"code":"85","hospitalisations":51},{"code":"86","hospitalisations":43},{"code":"87","hospitalisations":61},{"code":"88","hospitalisations":247},{"code":"89","hospitalisations":75},{"code":"90","hospitalisations":201},{"code":"91","hospitalisations":639},{"code":"92","hospitalisations":1446},{"code":"93","hospitalisations":964},{"code":"94","hospitalisations":1170},{"code":"95","hospitalisations":722},{"code":"971","hospitalisations":37},{"code":"972","hospitalisations":64},{"code":"973","hospitalisations":0},{"code":"974","hospitalisations":57},{"code":"976","hospitalisations":0}]