[{"code":"01","hospitalisations":157},{"code":"02","hospitalisations":277},{"code":"03","hospitalisations":46},{"code":"04","hospitalisations":23},{"code":"05","hospitalisations":37},{"code":"06","hospitalisations":202},{"code":"07","hospitalisations":140},{"code":"08","hospitalisations":45},{"code":"09","hospitalisations":7},{"code":"10","hospitalisations":221},{"code":"11","hospitalisations":35},{"code":"12","hospitalisations":26},{"code":"13","hospitalisations":905},{"code":"14","hospitalisations":146},{"code":"15","hospitalisations":25},{"code":"16","hospitalisations":4},{"code":"17","hospitalisations":59},{"code":"18","hospitalisations":90},{"code":"19","hospitalisations":76},{"code":"21","hospitalisations":273},{"code":"22","hospitalisations":52},{"code":"23","hospitalisations":19},{"code":"24","hospitalisations":25},{"code":"25","hospitalisations":156},{"code":"26","hospitalisations":102},{"code":"27","hospitalisations":109},{"code":"28","hospitalisations":219},{"code":"29","hospitalisations":57},{"code":"2A","hospitalisations":48},{"code":"2B","hospitalisations":9},{"code":"30","hospitalisations":106},{"code":"31","hospitalisations":123},{"code":"32","hospitalisations":27},{"code":"33","hospitalisations":212},{"code":"34","hospitalisations":103},{"code":"35","hospitalisations":136},{"code":"36","hospitalisations":126},{"code":"37","hospitalisations":162},{"code":"38","hospitalisations":167},{"code":"39","hospitalisations":97},{"code":"40","hospitalisations":18},{"code":"41","hospitalisations":138},{"code":"42","hospitalisations":386},{"code":"43","hospitalisations":31},{"code":"44","hospitalisations":213},{"code":"45","hospitalisations":246},{"code":"46","hospitalisations":15},{"code":"47","hospitalisations":29},{"code":"48","hospitalisations":2},{"code":"49","hospitalisations":157},{"code":"50","hospitalisations":59},{"code":"51","hospitalisations":328},{"code":"52","hospitalisations":78},{"code":"53","hospitalisations":80},{"code":"54","hospitalisations":361},{"code":"55","hospitalisations":135},{"code":"56","hospitalisations":120},{"code":"57","hospitalisations":723},{"code":"58","hospitalisations":49},{"code":"59","hospitalisations":878},{"code":"60","hospitalisations":414},{"code":"61","hospitalisations":75},{"code":"62","hospitalisations":412},{"code":"63","hospitalisations":43},{"code":"64","hospitalisations":46},{"code":"65","hospitalisations":66},{"code":"66","hospitalisations":15},{"code":"67","hospitalisations":829},{"code":"68","hospitalisations":843},{"code":"69","hospitalisations":1073},{"code":"70","hospitalisations":98},{"code":"71","hospitalisations":222},{"code":"72","hospitalisations":126},{"code":"73","hospitalisations":66},{"code":"74","hospitalisations":203},{"code":"75","hospitalisations":2155},{"code":"76","hospitalisations":188},{"code":"77","hospitalisations":640},{"code":"78","hospitalisations":793},{"code":"79","hospitalisations":15},{"code":"80","hospitalisations":252},{"code":"81","hospitalisations":37},{"code":"82","hospitalisations":10},{"code":"83","hospitalisations":234},{"code":"84","hospitalisations":72},{"code":"85","hospitalisations":47},{"code":"86","hospitalisations":43},{"code":"87","hospitalisations":37},{"code":"88","hospitalisations":210},{"code":"89","hospitalisations":115},{"code":"90","hospitalisations":131},{"code":"91","hospitalisations":1162},{"code":"92","hospitalisations":1716},{"code":"93","hospitalisations":1432},{"code":"94","hospitalisations":1784},{"code":"95","hospitalisations":885},{"code":"971","hospitalisations":16},{"code":"972","hospitalisations":21},{"code":"973","hospitalisations":5},{"code":"974","hospitalisations":4},{"code":"976","hospitalisations":42}]